datetime,open,high,low,close,volume
2023-11-01,120.63,121.33,119.5,119.68,1275362
2023-10-31,119.65,120.16,118.41,119.94,583800
2023-10-30,119.48,120.39,118.33,119.49,566000
2023-10-27,121.65,122.07,118.73,119.15,2760100
2023-10-26,121.49,122.18,120.35,121.66,441600
2023-10-25,122.83,123.46,121.95,122.56,483500
2023-10-24,124.82,124.82,122.84,122.87,449800
2023-10-23,125.47,125.72,123.87,124.4,476600
2023-10-20,128.49001,128.78999,126.05,126.44,988600
2023-10-19,128.3,129.64,127.17,128.67999,665700
2023-10-18,128.22,129.39999,128.07001,128.78,1196200
2023-10-17,126.07,128.17,126.07,127.77,1075400
2023-10-16,126.41,126.77,125.22,126.41,450100
2023-10-13,125.01,126.37,124.41,125.78,312400
2023-10-12,124.29,124.29,122.43,123.04,295200
2023-10-11,122.63,123.09,121.4,122.97,397800
2023-10-10,124.61,125.24,123.77,124.36,336300
2023-10-09,123.55,124.74,122.62,124.35,513300
2023-10-06,119.18,121.18,117.97,120.07,551700
2023-10-05,118.4,120.37,118.38,119.36,481500
2023-10-04,122.22,122.32,118.85,119.82,996500
2023-10-03,123.73,124.24,122.78,124.02,515500
2023-10-02,126.64,126.86,123.19,124.15,563300
2023-09-29,129.28999,129.28999,126.33,126.74,522500
2023-09-28,128.84,130.07001,128.39,129.3,398400
2023-09-27,128.35001,130.5,127.86,130.03,1021400
2023-09-26,126.65,127.49,126.2,126.78,509800
2023-09-25,125.73,127.64,125.63,127.48,1125500
2023-09-22,126.35,127.35,125.68,125.72,378900
2023-09-21,127.9,128.28999,125.32,125.45,684900
2023-09-20,127.79,129.28999,127.18,127.29,792200
2023-09-19,130.74001,130.78,127.73,128.45,361300
2023-09-18,129.94,130.38,128.86,129.63,506600
2023-09-15,129.75,130.64999,128.75999,128.89,464700
2023-09-14,130.3,131.07001,130.08,130.52,544500
2023-09-13,130.27,130.50999,128.36,129.0,403800
2023-09-12,128.27,130.25999,128.24001,130.05,464500
2023-09-11,129.46001,130.00999,126.57,127.11,1879700
2023-09-08,128.14999,129.62,128.09,128.85001,416900
2023-09-07,127.8,128.60001,127.26,127.53,320200
2023-09-06,127.63,128.46001,126.81,127.72,413400
2023-09-05,128.0,129.08,127.68,127.74,388200
2023-09-01,126.0,127.44,126.0,127.21,533100
2023-08-31,125.03,125.03,123.84,124.63,313000
2023-08-30,124.17,124.81,123.98,124.48,285900
2023-08-29,123.73,124.0,122.53,123.83,396000
2023-08-28,122.92,124.29,122.73,123.45,276000
2023-08-25,122.12,123.13,121.06,122.57,336500
2023-08-24,121.25,122.7,121.14,121.33,325900
2023-08-23,121.5,122.47,120.43,122.26,267300
2023-08-22,123.85,124.19,122.61,122.65,313900
2023-08-21,124.79,125.33,122.76,123.54,571000
2023-08-18,122.22,124.32,121.99,124.28,376400
2023-08-17,123.11,124.62,123.0,123.01,417800
2023-08-16,122.6,124.02,121.51,121.53,383200
2023-08-15,124.11,124.29,122.34,122.5,436800
2023-08-14,125.32,125.61,124.21,125.09,540200
2023-08-11,123.87,125.88,123.79,125.68,513600
2023-08-10,124.22,125.44,123.05,123.91,426100
2023-08-09,123.56,125.29,123.0,124.07,517500
2023-08-08,120.23,122.54,118.98,122.51,352600
2023-08-07,122.12,122.56,121.43,121.81,270800
2023-08-04,122.16,123.47,121.55,121.59,327800
2023-08-03,120.32,122.51,119.75,121.43,419200
2023-08-02,120.83,121.33,119.0,120.1,347900
2023-08-01,121.58,121.91,120.33,121.66,410300
2023-07-31,120.99,122.5,120.77,122.25,398000
2023-07-28,119.41,119.98,118.18,119.87,282500
2023-07-27,120.82,121.27,118.99,119.29,1179400
2023-07-26,119.05,120.6,118.93,120.15,686200
2023-07-25,119.15,120.76,118.71,120.17,483900
2023-07-24,118.1,120.31,118.1,119.46,517100
2023-07-21,117.06,117.61,116.52,117.57,396700
2023-07-20,116.33,116.89,115.69,116.64,500000
2023-07-19,114.86,116.17,114.63,115.35,1335300
2023-07-18,113.23,115.86,113.06,114.84,689400
2023-07-17,113.01,113.83,112.68,113.39,1770800
2023-07-14,115.9,115.9,113.16,113.39,1897800
2023-07-13,116.87,117.73,115.56,116.44,473000
2023-07-12,116.93,117.63,116.26,116.9,536100
2023-07-11,113.94,116.12,113.84,115.97,826000
2023-07-10,112.31,113.57,112.23,113.4,289900
2023-07-07,109.56,113.55,109.49,112.6,374900
2023-07-06,111.46,112.15,109.14,110.08,513500
2023-07-05,113.97,113.97,112.06,112.68,997900
2023-07-03,113.1,114.01,112.83,113.25,242500
2023-06-30,112.83,113.48,112.05,112.89,407100
2023-06-29,111.09,112.13,110.7,112.13,341000
2023-06-28,110.56,111.79,109.49,111.64,408400
2023-06-27,110.06,111.04,109.47,110.61,386000
2023-06-26,108.3,110.94,108.3,110.2,416400
2023-06-23,108.04,108.7,107.63,108.41,482200
2023-06-22,109.63,109.82,108.85,109.37,410400
2023-06-21,109.43,111.69,109.36,110.83,363900
2023-06-20,111.45,111.46,108.98,109.81,678700
2023-06-16,112.82,113.05,111.85,112.24,427700
2023-06-15,111.2,113.16,111.2,112.31,419000
2023-06-14,113.1,113.63,110.19,110.98,515900
2023-06-13,112.61,114.29,112.03,112.09,449900
2023-06-12,111.09,112.67,110.75,111.47,442700
2023-06-09,113.34,113.94,112.49,112.75,370000
2023-06-08,114.02,114.33,111.58,113.47,487400
2023-06-07,111.32,114.03,111.32,113.92,441400
2023-06-06,108.57,110.94,108.34,110.78,445600
2023-06-05,112.39,112.39,109.74,109.91,354900
2023-06-02,109.14,111.25,108.74,110.7,611200
2023-06-01,106.05,108.47,105.51,107.35,598500
2023-05-31,106.18,106.73,105.57,105.87,455400
2023-05-30,107.34,107.88,106.67,107.8,482300
2023-05-26,109.91,110.26,108.34,108.88,369300
2023-05-25,109.98,109.98,108.36,109.34,382700
2023-05-24,111.65,112.33,110.57,111.45,381300
2023-05-23,110.59,112.33,110.59,111.01,548600
2023-05-22,109.62,111.03,109.62,109.95,306200
2023-05-19,110.27,110.92,109.51,109.98,427200
2023-05-18,107.89,109.42,107.03,109.22,420300
2023-05-17,107.3,108.96,106.68,108.37,476000
2023-05-16,108.69,108.92,106.22,106.25,395000
2023-05-15,108.72,109.69,108.13,109.04,467400
2023-05-12,108.6,109.22,107.49,108.29,806000
2023-05-11,108.02,108.63,107.31,108.04,680700
2023-05-10,111.08,111.24,108.58,109.49,530600
2023-05-09,109.76,111.58,109.52,110.56,348500
2023-05-08,111.97,112.62,110.48,110.51,384900
2023-05-05,110.02,111.28,109.94,110.44,396000
2023-05-04,108.44,109.62,107.03,107.42,880700
2023-05-03,109.25,110.21,108.48,108.51,532500
2023-05-02,114.38,114.39,109.58,110.67,610800
2023-05-01,115.47,116.88,115.01,115.63,274400
2023-04-28,114.72,117.64,114.41,116.94,384500
2023-04-27,114.5,115.36,113.54,115.07,276800
2023-04-26,115.51,116.36,113.85,114.46,371900
2023-04-25,117.4,117.51,115.45,115.98,351300
2023-04-24,116.23,119.02,116.23,118.48,348500
2023-04-21,117.83,117.83,116.12,116.62,246900
2023-04-20,117.0,117.34,116.07,117.32,406200
2023-04-19,117.71,118.6,117.12,118.46,400800
2023-04-18,118.28,119.2,117.65,118.9,295500
2023-04-17,119.76,120.09,118.18,118.59,330400
2023-04-14,120.02,120.79,119.35,119.99,590800
2023-04-13,119.11,120.26,118.8,119.89,522900
2023-04-12,120.0,120.23,118.88,119.15,792000
2023-04-11,118.42,119.87,118.0,119.14,622800
2023-04-10,117.28,119.37,117.28,118.07,322300
2023-04-06,118.78,118.78,116.95,117.18,340500
2023-04-05,117.64,118.96,116.59,118.94,479100
2023-04-04,119.92,119.99,116.25,117.34,764900
2023-04-03,119.33,120.35,118.6,119.68,645100
2023-03-31,113.85,114.55,113.54,114.23,478800
2023-03-30,114.11,114.28,112.92,113.56,666500
2023-03-29,113.06,113.39,112.18,113.26,1232100
2023-03-28,109.6,112.23,109.6,111.65,358700
2023-03-27,108.83,110.59,107.9,109.97,413800
2023-03-24,105.04,107.94,104.71,107.55,603900
2023-03-23,110.37,111.4,107.19,108.24,409500
2023-03-22,112.44,112.77,109.74,109.79,583800
2023-03-21,110.76,112.62,110.54,112.23,615900
2023-03-20,106.28,109.23,106.28,108.52,833600
2023-03-17,107.41,108.28,105.36,106.22,1208000
2023-03-16,104.69,108.37,104.17,108.1,1625600
2023-03-15,109.12,109.4,105.24,106.98,1082100
2023-03-14,112.33,115.75,111.1,113.02,594300
2023-03-13,111.79,114.36,109.81,112.1,744800
2023-03-10,115.98,117.8,114.0,114.6,412600
2023-03-09,118.83,120.3,116.17,116.3,358900
2023-03-08,118.88,120.3,117.02,118.2,247600
2023-03-07,120.8,121.01,119.07,119.48,314600
2023-03-06,120.98,121.68,120.39,121.54,339500
2023-03-03,118.79,122.31,118.48,121.86,249200
2023-03-02,118.64,120.5,118.18,120.13,310200
2023-03-01,116.67,119.46,116.3,118.93,331700
2023-02-28,119.3,119.3,116.6,116.6,255400
2023-02-27,118.02,118.74,117.18,118.32,255600
2023-02-24,116.71,118.03,115.43,117.87,248200
2023-02-23,117.38,118.23,116.3,117.57,264000
2023-02-22,116.23,117.15,114.63,115.71,409300
2023-02-21,116.79,117.92,116.34,116.53,292200
2023-02-17,120.0,120.01,116.8,117.29,383300
2023-02-16,122.43,123.45,121.64,121.76,204800
2023-02-15,123.48,123.48,121.28,122.98,314000
2023-02-14,123.84,125.65,123.36,124.83,203300
2023-02-13,124.38,125.18,123.14,124.62,418500
2023-02-10,122.25,125.34,122.23,125.12,398100
2023-02-09,121.66,121.87,120.29,120.37,322700
2023-02-08,122.4,123.19,120.75,121.52,274300
2023-02-07,119.64,122.72,118.9,122.48,431600
2023-02-06,119.52,120.33,117.47,118.8,335000
2023-02-03,120.19,122.27,119.32,119.44,490100
2023-02-02,122.27,122.27,118.42,119.71,1257000
2023-02-01,124.35,124.78,120.74,122.59,709000
2023-01-31,123.18,125.0,122.0,124.88,362700
2023-01-30,125.32,125.6,123.43,123.53,568900
2023-01-27,128.46001,128.89999,126.23,126.38,387900
2023-01-26,126.87,128.78,125.39,128.7,401200
2023-01-25,124.15,124.96,122.4,124.93,468900
2023-01-24,125.23,125.23,123.12,125.01,393400
2023-01-23,125.9,126.77,125.07,125.43,305900
2023-01-20,124.13,125.58,123.07,125.34,234800
2023-01-19,121.74,124.31,121.36,123.74,321900
2023-01-18,125.41,126.82,122.29,122.36,470700
2023-01-17,125.01,126.07,124.27,124.7,445900
2023-01-13,124.26,124.92,122.86,124.57,401400
2023-01-12,122.5,125.15,122.48,124.3,643500
2023-01-11,122.5,122.7,120.54,121.85,831000
2023-01-10,121.03,121.57,119.48,121.43,268400
2023-01-09,122.76,122.88,120.2,120.43,486900
2023-01-06,120.0,122.16,119.8,120.64,516800
2023-01-05,116.51,119.2,116.25,118.63,439500
2023-01-04,114.56,117.28,114.46,116.68,555300
2023-01-03,120.37,120.92,115.14,116.47,1032400
2022-12-30,119.77,121.45,119.77,121.28,466000
2022-12-29,118.45,120.99,118.45,120.52,442800
2022-12-28,121.98,121.99,118.72,119.14,496200
2022-12-27,121.7,122.61,121.05,122.27,519000
2022-12-23,118.15,121.05,118.15,121.05,551000
2022-12-22,120.06,120.27,114.85,117.19,564800
2022-12-21,119.85,120.6,118.41,120.19,580400
2022-12-20,116.15,118.48,115.92,117.83,635600
2022-12-19,117.03,117.77,115.18,116.06,375800
2022-12-16,115.54,116.67,114.69,116.29,353800
2022-12-15,117.02,118.04,115.74,117.82,399600
2022-12-14,121.27,121.81,118.73,119.78,469400
2022-12-13,120.89,121.63,119.62,120.48,692400
2022-12-12,115.8,118.58,115.5,118.25,543500
2022-12-09,117.66,118.88,115.15,115.27,560700
2022-12-08,121.03,121.61,117.25,117.88,569300
2022-12-07,118.75,120.51,117.6,118.58,893100
2022-12-06,121.27,122.98,118.2,118.91,820600
2022-12-05,127.54,128.0,121.31,122.19,1155100
2022-12-02,126.07,127.61,125.61,126.28,576500
2022-12-01,128.53,129.14,126.69,126.92,597900
2022-11-30,127.93,128.58,125.58,127.63,596700
2022-11-29,126.47,127.74,125.95,126.8,403500
2022-11-28,125.46,127.05,124.71,125.12,650300
2022-11-25,129.31,130.09,128.49001,128.75999,278700
2022-11-23,128.64,130.0,127.74,128.97,433200
2022-11-22,128.21001,130.84,127.59,130.56,659900
2022-11-21,125.46,126.83,122.28,126.32,1051900
2022-11-18,126.88,128.63,125.28,128.25,520600
2022-11-17,127.26,129.42,126.54,129.3,439700
2022-11-16,130.78,131.25999,128.44,129.2,539100
2022-11-15,130.98,132.13,130.11,131.88,551300
2022-11-14,130.42999,132.63,130.0,130.28,598900
2022-11-11,129.37,131.25999,129.09,130.72,919100
2022-11-10,126.79,127.18,124.17,127.0,615900
2022-11-09,129.42,129.42,123.74,124.1,937900
2022-11-08,130.55,131.32001,129.12,130.78999,716300
2022-11-07,128.8,131.10001,128.5,130.78,801400
2022-11-04,129.23,130.59,126.37,128.23,998000
2022-11-03,123.61,127.55,123.29,126.78,814700
2022-11-02,126.8,127.64,124.07,124.39,916800
2022-11-01,128.00999,128.00999,126.44,127.15,1076000
2022-10-31,123.48,127.64,123.48,125.98,1415800
2022-10-28,125.84,126.68,122.57,124.88,699500
2022-10-27,125.53,126.55,124.04,124.33,637900
2022-10-26,122.65,124.95,122.65,123.94,1133400
2022-10-25,121.71,122.79,121.0,122.16,440900
2022-10-24,121.61,122.92,121.0,122.02,720500
2022-10-21,119.0,121.84,118.84,121.69,818000
2022-10-20,119.28,120.58,117.9,118.49,768400
2022-10-19,115.33,118.9,115.33,118.43,496500
2022-10-18,115.37,116.4,113.09,115.21,583800
2022-10-17,114.69,116.07,113.93,114.3,513800
2022-10-14,116.15,117.55,112.61,112.8,574900
2022-10-13,110.89,117.6,110.89,117.2,828200
2022-10-12,111.12,113.39,110.24,112.67,499100
2022-10-11,110.58,113.74,110.02,111.78,712600
2022-10-10,115.25,116.42,112.24,112.62,711700
2022-10-07,116.12,117.42,114.14,114.98,1295000
2022-10-06,113.18,116.28,113.18,115.92,2047600
2022-10-05,111.76,114.84,110.56,114.04,1759100
2022-10-04,109.49,111.81,108.65,111.72,1072100
2022-10-03,105.43,107.77,105.0,107.13,1559400
2022-09-30,101.39,102.95,100.44,101.58,907100
2022-09-29,101.46,102.4,99.53,102.13,1184600
2022-09-28,98.44,102.75,98.16,102.32,982600
2022-09-27,99.36,100.78,98.36,98.96,1829900
2022-09-26,99.48,100.92,97.6,97.68,1111600
2022-09-23,103.59,103.77,99.4,100.3,1130800
2022-09-22,110.12,110.71,107.74,107.79,738600
2022-09-21,111.92,112.36,108.4,108.45,653400
2022-09-20,110.21,110.72,108.75,110.15,631600
2022-09-19,107.76,111.05,107.49,111.0,658700
2022-09-16,113.07,113.07,109.09,110.78,1048800
2022-09-15,114.26,114.86,112.88,113.43,458900
2022-09-14,114.11,117.34,114.11,116.42,769000
2022-09-13,114.54,115.95,112.45,112.91,1033500
2022-09-12,115.37,116.98,114.37,115.83,1000900
2022-09-09,113.13,114.39,112.32,113.86,531800
2022-09-08,110.89,111.55,109.71,111.03,697900
2022-09-07,109.24,110.81,108.26,110.38,957300
2022-09-06,113.77,114.19,111.32,111.69,594500
2022-09-02,113.33,114.16,112.04,112.94,637700
2022-09-01,111.84,112.16,109.19,110.64,961800
2022-08-31,112.17,115.27,110.95,113.49,877300
2022-08-30,116.57,116.57,113.2,114.23,1434200
2022-08-29,116.48,120.07,116.4,118.45,974000
2022-08-26,118.03,119.25,116.29,116.83,913600
2022-08-25,118.01,118.7,117.06,118.1,832800
2022-08-24,116.02,117.5,115.39,117.32,664300
2022-08-23,113.94,116.96,113.86,115.83,886300
2022-08-22,111.38,112.73,109.42,112.02,589500
2022-08-19,112.04,112.91,111.41,112.15,518600
2022-08-18,110.35,112.56,110.35,112.41,770800
2022-08-17,107.97,110.3,107.6,109.18,544200
2022-08-16,108.86,110.0,107.63,108.34,706800
2022-08-15,106.75,109.07,105.5,108.45,733100
2022-08-12,109.1,110.75,108.64,110.74,593400
2022-08-11,107.94,110.71,107.82,109.74,1051200
2022-08-10,105.37,106.56,103.32,105.97,702400
2022-08-09,104.7,106.44,104.56,105.12,619200
2022-08-08,102.57,104.25,102.57,103.19,1262300
2022-08-05,99.62,103.72,99.16,102.77,786900
2022-08-04,103.81,104.13,100.3,100.66,1033100
2022-08-03,108.0,108.17,103.72,104.51,753100
2022-08-02,107.66,108.49,106.47,107.45,486800
2022-08-01,107.82,108.32,106.13,107.62,913300
2022-07-29,107.63,110.25,107.32,109.97,991700
2022-07-28,105.91,106.78,103.55,105.43,802500
2022-07-27,103.42,105.51,102.22,105.04,654100
2022-07-26,104.63,105.04,101.81,102.53,1783700
2022-07-25,100.47,103.35,99.6,103.24,603800
2022-07-22,100.58,101.64,98.73,99.29,594600
2022-07-21,99.41,100.34,97.33,100.28,967600
2022-07-20,99.71,102.52,99.3,102.13,1101200
2022-07-19,97.61,101.02,97.61,100.74,1028000
2022-07-18,97.78,99.25,97.22,97.62,990700
2022-07-15,95.85,95.97,93.82,95.55,784000
2022-07-14,92.27,93.9,90.87,93.77,1226700
2022-07-13,94.21,97.41,94.2,95.49,880700
2022-07-12,94.94,96.07,93.78,95.49,980800
2022-07-11,97.26,98.32,96.15,97.42,645700
2022-07-08,99.68,100.12,97.05,98.4,732800
2022-07-07,97.12,99.3,97.02,98.44,1512200
2022-07-06,95.37,97.15,91.8,94.63,2066500
2022-07-05,98.62,98.89,94.41,96.5,1873000
2022-07-01,100.5,101.19,97.34,100.69,941500
2022-06-30,99.38,102.0,98.49,99.47,1357200
2022-06-29,106.92,107.32,101.48,101.81,1265200
2022-06-28,105.01,107.07,103.82,105.39,1423900
2022-06-27,100.88,103.36,100.59,102.66,1357100
2022-06-24,99.54,101.57,98.31,99.6,1438900
2022-06-23,102.36,103.01,96.34,97.94,1743400
2022-06-22,101.99,104.82,101.6,102.75,2379000
2022-06-21,104.91,108.24,104.84,107.53,1572500
2022-06-17,107.79,108.55,101.06,102.35,2591400
2022-06-16,112.09,112.44,107.56,108.4,1971900
2022-06-15,116.82,117.67,112.84,114.86,1354600
2022-06-14,119.67,120.83,115.51,117.06,988600
2022-06-13,119.79,120.24,114.82,117.15,2135800
2022-06-10,124.63,126.38,122.3,123.86,1258900
2022-06-09,127.71,128.46001,125.87,125.92,866100
2022-06-08,129.48,130.35001,128.14,128.85001,1146700
2022-06-07,124.94,129.00999,124.73,128.99001,1034000
2022-06-06,125.54,125.68,124.12,124.94,569600
2022-06-03,123.49,125.22,123.4,124.86,702200
2022-06-02,122.61,124.17,122.07,123.29,714000
2022-06-01,122.94,124.46,121.62,123.55,878700
2022-05-31,125.0,125.84,120.65,121.24,1347600
2022-05-27,120.25,123.25,120.0,123.21,748200
2022-05-26,120.09,121.81,120.09,120.84,921100
2022-05-25,116.97,119.49,116.89,119.26,796800
2022-05-24,114.87,117.1,113.98,116.63,816000
2022-05-23,114.28,116.62,113.68,116.26,871700
2022-05-20,113.62,115.01,110.71,113.04,654800
2022-05-19,110.46,114.38,110.23,112.54,751500
2022-05-18,116.76,116.83,111.44,112.89,829000
2022-05-17,115.84,116.57,114.61,115.92,1025100
2022-05-16,111.76,115.48,111.76,114.28,1079200
2022-05-13,109.49,111.95,109.24,111.45,707100
2022-05-12,107.13,107.88,104.5,107.79,877100
2022-05-11,108.04,111.25,107.23,107.45,918500
2022-05-10,106.82,108.95,103.8,106.17,4441200
2022-05-09,112.73,112.88,104.96,105.39,1309300
2022-05-06,113.66,115.28,111.26,115.19,921200
2022-05-05,115.0,115.1,109.99,112.36,1082000
2022-05-04,111.74,114.48,110.26,114.24,1443400
2022-05-03,106.64,110.21,106.64,109.71,1064600
2022-05-02,104.5,106.64,103.85,106.45,1289600
2022-04-29,108.38,108.89,104.78,105.25,1004200
2022-04-28,105.33,108.98,103.25,108.08,1246400
2022-04-27,103.96,105.83,102.03,104.82,1626500
2022-04-26,103.94,106.15,102.99,103.28,1218000
2022-04-25,103.36,103.84,99.37,103.27,1834500
2022-04-22,109.04,110.68,106.56,106.73,797500
2022-04-21,114.09,114.59,109.16,109.57,992200
2022-04-20,113.21,113.94,112.03,113.33,583400
2022-04-19,113.11,114.27,112.04,112.78,827200
2022-04-18,113.0,114.55,112.36,113.9,1428900
2022-04-14,111.11,112.99,110.95,112.12,788400
2022-04-13,111.19,111.89,109.37,111.66,859400
2022-04-12,109.97,111.8,109.66,109.92,852700
2022-04-11,110.17,110.18,107.83,108.1,1186600
2022-04-08,108.79,111.67,108.6,111.4,1654200
2022-04-07,107.77,108.84,105.65,108.49,703000
2022-04-06,107.8,108.65,106.56,107.12,915200
2022-04-05,108.69,110.3,106.48,106.58,835400
2022-04-04,109.22,109.37,107.29,108.37,881300
2022-04-01,106.77,109.1,106.77,108.37,691000
2022-03-31,107.35,109.64,107.02,107.04,1343200
2022-03-30,108.43,109.5,107.89,108.52,1029900
2022-03-29,105.34,107.4,103.88,107.4,1841000
2022-03-28,108.47,108.47,107.0,107.77,881600
2022-03-25,107.06,110.64,107.06,110.55,1204100
2022-03-24,107.77,108.68,107.05,107.71,1315600
2022-03-23,108.06,109.0,107.68,108.15,1558400
2022-03-22,106.47,107.16,104.92,106.3,1667700
2022-03-21,105.03,107.29,104.7,106.99,2048800
2022-03-18,102.93,103.57,102.18,103.01,1668700
2022-03-17,101.51,103.29,100.79,103.03,1883500
2022-03-16,100.1,100.98,98.37,99.48,2643100
2022-03-15,99.18,100.92,97.8,99.76,4236800
2022-03-14,104.5,105.0,101.84,103.24,3221300
2022-03-11,105.87,107.98,105.84,106.63,2982300
2022-03-10,105.74,107.93,105.07,107.62,2720900
2022-03-09,103.64,106.86,101.89,104.56,3725500
2022-03-08,108.4,111.5,104.67,107.46,4846700
2022-03-07,105.94,108.19,103.94,106.38,4433300
2022-03-04,101.68,104.73,101.46,104.73,2638100
2022-03-03,100.3,102.19,100.08,101.53,3128100
2022-03-02,100.76,102.18,100.19,101.35,2353700
2022-03-01,98.82,100.63,97.7,98.95,2571900
2022-02-28,95.08,98.11,94.5,98.02,2683000
2022-02-25,93.47,95.39,93.24,95.38,2373200
2022-02-24,95.46,95.46,90.49,93.01,3188500
2022-02-23,92.93,94.1,92.47,93.34,1959000
2022-02-22,96.67,96.67,90.93,92.24,2013000
2022-02-18,93.46,94.74,92.98,93.86,1545400
2022-02-17,94.57,95.58,93.86,94.5,2052600
2022-02-16,94.84,96.42,94.12,94.69,1836600
2022-02-15,92.85,94.26,92.12,94.06,1898600
2022-02-14,96.8,96.91,94.0,95.11,2547300
2022-02-11,95.05,97.43,94.56,97.22,2406500
2022-02-10,94.53,96.33,93.83,94.5,1460400
2022-02-09,94.45,95.7,94.15,95.03,1346800
2022-02-08,95.95,96.07,93.42,94.18,1910200
2022-02-07,94.74,97.12,93.97,96.21,1712500
2022-02-04,94.96,96.86,94.78,95.18,2042900
2022-02-03,94.44,94.61,92.82,93.75,1807600
2022-02-02,94.34,95.05,92.91,94.84,2339300
2022-02-01,90.79,94.74,90.44,94.53,2368500
2022-01-31,90.45,91.77,89.06,91.18,1962900
2022-01-28,90.51,91.57,88.81,90.79,3111200
2022-01-27,91.78,92.71,89.45,90.98,2047400
2022-01-26,91.56,92.16,89.09,90.06,3162000
2022-01-25,86.59,90.71,85.07,90.29,2295600
2022-01-24,84.26,87.36,82.67,87.06,2895800
2022-01-21,87.39,87.75,85.49,86.41,2692000
2022-01-20,88.79,90.84,88.13,88.29,1579100
2022-01-19,90.82,90.9,88.62,89.39,1533200
2022-01-18,91.11,91.44,88.83,90.15,2473900
2022-01-14,87.82,90.12,87.82,90.05,1599500
2022-01-13,88.37,89.21,87.52,87.83,1200100
2022-01-12,88.5,88.98,87.74,88.55,1734200
2022-01-11,86.0,88.37,85.28,88.22,1928800
2022-01-10,85.63,85.86,84.11,85.24,2279600
2022-01-07,84.84,85.76,84.26,85.52,1895900
2022-01-06,84.42,84.93,83.21,84.48,1791500
2022-01-05,83.74,84.58,82.42,82.53,2350500
2022-01-04,80.93,83.19,80.93,82.9,3049400
2022-01-03,77.76,80.19,77.71,80.1,1338000
2021-12-31,77.26,77.99,77.18,77.61,770800
2021-12-30,78.11,78.68,77.37,77.38,790900
2021-12-29,78.42,78.81,77.67,78.08,802500
2021-12-28,78.93,79.44,78.13,78.56,809400
2021-12-27,76.76,78.74,75.99,78.74,754600
2021-12-23,77.28,77.94,76.89,76.93,1006600
2021-12-22,76.45,77.4,75.54,76.89,997200
2021-12-21,75.04,76.68,75.03,76.44,1796400
2021-12-20,73.19,74.21,72.2,74.1,2078400
2021-12-17,76.03,76.28,74.39,75.14,2217200
2021-12-16,77.01,78.31,76.46,76.55,1579100
2021-12-15,77.3,77.63,75.27,77.2,2303400
2021-12-14,77.45,78.72,77.16,77.42,1501600
2021-12-13,79.4,79.64,77.55,77.87,1304800
2021-12-10,80.48,80.48,78.7,80.22,1031700
2021-12-09,79.75,79.97,79.16,79.55,773400
2021-12-08,80.6,81.09,80.18,80.38,1043300
2021-12-07,79.52,81.08,79.41,80.25,1533700
2021-12-06,78.15,79.26,77.15,78.34,2466400
2021-12-03,78.67,79.06,76.28,77.02,2380400
2021-12-02,75.33,77.95,74.55,77.62,2414300
2021-12-01,78.35,79.0,75.43,75.45,1944300
2021-11-30,76.97,78.08,76.08,76.55,2240200
2021-11-29,79.89,80.61,78.22,78.55,1362900
2021-11-26,77.42,78.32,76.03,78.0,1822300
2021-11-24,80.26,81.9,80.11,81.53,1353700
2021-11-23,79.23,80.92,79.19,80.67,1030500
2021-11-22,76.88,79.47,76.88,78.23,1452400
2021-11-19,78.27,78.5,76.81,77.0,4115400
2021-11-18,80.43,81.07,79.11,80.17,1070700
2021-11-17,81.24,82.31,80.24,80.53,1098100
2021-11-16,82.07,82.58,81.48,81.92,856600
2021-11-15,81.23,82.34,80.39,81.83,750100
2021-11-12,81.09,81.63,80.76,81.26,680400
2021-11-11,81.37,82.11,81.29,81.5,804400
2021-11-10,83.18,83.38,80.59,81.15,1041000
2021-11-09,83.34,83.6,82.09,83.57,940600
2021-11-08,83.2,84.2,82.87,83.3,960500
2021-11-05,82.34,82.86,81.71,82.49,934400
2021-11-04,82.05,82.66,80.49,81.18,1174800
2021-11-03,80.9,82.06,80.63,81.19,981400
2021-11-02,82.35,82.85,81.58,81.88,800200
2021-11-01,81.95,82.87,81.84,82.62,929400
2021-10-29,82.04,82.3,80.82,81.22,912300
2021-10-28,80.74,81.85,80.74,81.74,805100
2021-10-27,82.82,83.31,81.03,81.26,1025300
2021-10-26,83.54,84.21,83.25,83.72,912300
2021-10-25,83.0,83.9,82.68,83.35,993200
2021-10-22,81.59,82.1,80.73,82.04,626600
2021-10-21,82.11,82.43,80.58,81.24,1080700
2021-10-20,81.47,82.79,81.2,82.79,1122400
2021-10-19,81.71,82.41,81.13,82.1,852600
2021-10-18,81.89,82.55,80.81,81.27,1473300
2021-10-15,81.68,81.99,81.06,81.06,951700
2021-10-14,80.68,81.05,79.94,80.68,892700
2021-10-13,79.07,80.08,78.15,79.69,2041600
2021-10-12,79.6,80.54,79.19,79.73,1414800
2021-10-11,81.21,81.47,79.62,79.67,1539000
2021-10-08,78.54,80.19,78.54,79.96,1569000
2021-10-07,77.15,78.17,76.74,77.77,923300
2021-10-06,76.74,77.5,75.6,76.95,1439200
2021-10-05,78.72,79.41,77.03,77.97,1474000
2021-10-04,77.0,78.39,76.82,77.59,2612300
2021-10-01,74.53,76.3,74.34,76.18,1192300
2021-09-30,74.73,75.15,73.73,73.9,1757200
2021-09-29,74.76,75.23,73.83,74.82,1076800
2021-09-28,76.58,77.22,75.64,75.75,1450200
2021-09-27,74.4,75.94,74.24,75.62,1402800
2021-09-24,71.79,73.15,71.72,72.82,797000
2021-09-23,70.29,72.43,69.95,72.23,833700
2021-09-22,68.84,70.61,68.84,69.79,929100
2021-09-21,68.42,68.73,66.91,67.73,1305700
2021-09-20,67.75,68.31,66.42,67.54,1181700
2021-09-17,69.91,70.89,69.43,69.64,683000
2021-09-16,70.99,70.99,69.81,70.29,635300
2021-09-15,69.36,71.14,69.35,71.08,912000
2021-09-14,70.06,70.21,68.07,68.33,764800
2021-09-13,68.39,69.94,68.39,69.49,1694800
2021-09-10,68.6,68.6,67.27,67.41,616400
2021-09-09,66.94,68.5,66.61,67.48,790100
2021-09-08,68.58,69.01,67.32,67.36,855400
2021-09-07,68.15,69.13,67.96,68.2,726800
2021-09-03,68.81,69.34,68.25,68.6,616600
2021-09-02,67.84,69.5,67.84,68.91,1081400
2021-09-01,67.98,68.19,66.94,67.16,877900
2021-08-31,68.01,68.69,67.73,68.01,830700
2021-08-30,69.65,69.77,68.36,68.37,692300
2021-08-27,68.0,69.7,68.0,69.24,877100
2021-08-26,67.87,68.25,67.07,67.23,716800
2021-08-25,67.55,68.65,67.04,68.22,784800
2021-08-24,67.08,67.98,66.97,67.63,975700
2021-08-23,65.62,66.68,65.51,66.46,1029400
2021-08-20,63.26,64.39,63.05,64.04,1235900
2021-08-19,64.38,64.87,62.92,63.79,2666200
2021-08-18,67.0,67.59,65.53,65.63,1161600
2021-08-17,67.02,68.13,66.42,67.09,1078700
2021-08-16,68.08,68.08,67.09,67.57,975200
2021-08-13,69.87,69.89,68.87,68.92,758300
2021-08-12,70.01,70.45,69.14,69.97,641300
2021-08-11,69.51,70.21,68.9,70.08,1108000
2021-08-10,68.67,69.81,68.67,69.65,933600
2021-08-09,68.34,68.8,67.76,68.31,1053400
2021-08-06,69.26,69.83,68.89,69.27,931600
2021-08-05,68.1,69.53,67.94,68.62,1708400
2021-08-04,68.55,69.37,67.69,67.75,1272500
2021-08-03,68.45,69.97,67.71,69.84,1359400
2021-08-02,69.28,71.03,68.56,68.71,1247300
2021-07-30,70.17,70.43,68.85,69.29,1231600
2021-07-29,70.66,70.89,69.92,70.34,1124400
2021-07-28,69.41,70.38,68.63,69.78,890300
2021-07-27,69.4,69.4,68.39,69.1,1300700
2021-07-26,68.41,70.3,68.41,69.96,1493500
2021-07-23,68.69,68.69,67.51,68.23,1069000
2021-07-22,69.24,69.33,67.93,68.58,1725900
2021-07-21,68.24,69.96,68.21,69.35,1419600
2021-07-20,66.01,67.58,65.42,66.92,3834700
2021-07-19,65.95,66.8,64.94,65.85,3126700
2021-07-16,71.01,71.01,68.22,68.4,1309800
2021-07-15,70.63,71.56,70.05,70.39,1247200
2021-07-14,74.07,74.83,71.15,71.4,1097400
2021-07-13,73.99,74.4,73.3,73.75,925100
2021-07-12,73.69,74.84,73.17,74.38,2738100
2021-07-09,73.88,74.6,73.01,74.46,639400
2021-07-08,71.75,73.62,71.64,72.91,884900
2021-07-07,74.3,75.07,72.32,73.14,983800
2021-07-06,76.99,76.99,74.08,74.46,986200
2021-07-02,77.18,77.26,76.3,77.01,481600
2021-07-01,77.73,77.9,76.62,77.26,916100
2021-06-30,75.29,76.17,75.18,75.89,653400
2021-06-29,75.86,76.24,74.88,74.9,1041000
2021-06-28,77.7,77.7,74.97,75.3,790900
2021-06-25,77.98,78.1,77.46,77.88,576000
2021-06-24,77.28,77.67,76.53,77.55,766400
2021-06-23,77.44,78.25,76.82,76.85,634000
2021-06-22,75.96,76.88,75.07,76.63,780800
2021-06-21,73.68,76.21,73.68,76.07,1250400
2021-06-18,74.09,75.19,73.56,73.62,1403500
2021-06-17,78.4,79.04,74.66,75.74,1630900
2021-06-16,78.85,79.49,77.89,78.7,970200
2021-06-15,77.95,79.08,77.8,78.97,916700
2021-06-14,78.25,78.69,76.9,77.42,1107700
2021-06-11,78.36,78.73,77.71,77.76,957700
2021-06-10,79.05,79.42,77.04,77.94,919500
2021-06-09,78.85,79.12,78.0,78.06,741800
2021-06-08,77.68,78.7,76.6,78.47,903000
2021-06-07,78.13,78.56,77.72,77.77,859800
2021-06-04,78.0,78.4,76.9,78.05,845200
2021-06-03,77.01,77.94,76.45,77.48,842500
2021-06-02,76.25,77.66,75.3,77.25,1083500
2021-06-01,74.31,75.83,74.14,75.78,1145000
2021-05-28,73.11,73.11,72.42,72.76,608700
2021-05-27,72.86,73.53,72.32,72.68,416100
2021-05-26,71.85,72.76,71.53,72.54,548000
2021-05-25,73.24,73.31,71.64,71.78,772800
2021-05-24,73.13,73.47,72.24,73.28,655300
2021-05-21,73.28,73.73,72.59,72.66,621800
2021-05-20,72.49,72.77,71.38,72.48,842600
2021-05-19,72.61,73.33,71.47,72.55,1027300
2021-05-18,76.01,76.25,74.24,74.36,751500
2021-05-17,74.16,76.09,73.84,76.09,1011500
2021-05-14,72.79,74.54,72.79,74.31,1450800
2021-05-13,72.08,73.39,70.86,71.87,1260100
2021-05-12,72.97,75.09,72.55,72.9,1093300
2021-05-11,72.66,73.9,71.86,72.67,1578500
2021-05-10,75.32,76.49,74.23,74.23,1887300
2021-05-07,72.18,74.55,71.95,74.55,855600
2021-05-06,72.76,72.97,71.18,72.97,883100
2021-05-05,71.25,72.91,71.25,72.66,531800
2021-05-04,70.41,70.9,69.46,70.39,876700
2021-05-03,69.15,70.43,68.99,70.27,700700
2021-04-30,69.17,70.15,68.22,68.29,753400
2021-04-29,70.51,71.19,69.33,70.26,903800
2021-04-28,67.55,69.82,67.55,69.5,857000
2021-04-27,66.63,67.4,66.28,67.14,644000
2021-04-26,65.69,66.82,65.62,66.38,829600
2021-04-23,65.27,66.1,64.89,65.81,568100
2021-04-22,66.28,66.28,64.92,65.18,703600
2021-04-21,64.31,66.09,63.91,65.96,668600
2021-04-20,66.86,66.86,64.36,65.04,1457000
2021-04-19,67.09,67.75,66.37,66.94,709300
2021-04-16,68.07,68.26,66.8,67.07,493300
2021-04-15,68.39,68.39,67.32,67.71,645600
2021-04-14,66.76,69.19,66.75,68.26,807000
2021-04-13,66.14,66.57,65.59,66.21,763600
2021-04-12,67.21,67.79,65.97,66.16,1161200
2021-04-09,67.21,67.81,66.47,66.78,869500
2021-04-08,67.73,67.73,66.48,67.32,920200
2021-04-07,68.04,68.59,67.73,68.27,660500
2021-04-06,68.42,69.46,67.89,67.98,750600
2021-04-05,69.73,69.73,67.65,67.99,1367500
2021-04-01,68.47,69.84,67.96,69.83,1423300
2021-03-31,68.44,68.54,67.66,68.0,1484200
2021-03-30,68.35,69.07,67.71,68.36,1023300
2021-03-29,69.41,69.62,68.07,68.89,1058800
2021-03-26,69.45,69.99,68.64,69.96,1211900
2021-03-25,67.39,69.02,66.12,68.74,1218700
2021-03-24,67.97,69.46,67.97,68.46,1280200
2021-03-23,66.74,68.42,66.32,66.82,1412700
2021-03-22,68.84,69.01,68.16,68.18,903700
2021-03-19,68.66,70.04,67.78,69.01,948800
2021-03-18,71.7,71.84,68.37,68.69,2345200
2021-03-17,71.3,72.49,70.76,72.21,873500
2021-03-16,72.63,72.63,71.21,71.62,1146600
2021-03-15,74.47,74.55,72.87,73.72,1324700
2021-03-12,74.62,75.16,73.94,74.47,1137100
2021-03-11,74.56,75.6,74.15,74.42,1452400
2021-03-10,72.33,74.48,72.05,74.24,1742300
2021-03-09,73.4,74.07,71.78,72.06,1409900
2021-03-08,74.23,74.6,72.43,73.57,2000500
2021-03-05,72.86,73.59,70.82,73.45,2559100
2021-03-04,69.69,72.03,69.05,70.85,2107400
2021-03-03,68.51,70.61,68.51,69.04,1496800
2021-03-02,68.66,69.25,68.0,68.05,1317400
2021-03-01,68.37,69.22,67.86,68.51,1350800
2021-02-26,67.05,67.52,64.59,66.65,2082800
2021-02-25,70.14,70.17,67.73,68.2,1701100
2021-02-24,67.44,69.93,67.01,69.59,1560700
2021-02-23,66.79,67.29,64.02,67.08,1412400
2021-02-22,64.36,67.11,64.32,66.03,1222800
2021-02-19,63.03,64.16,63.0,64.02,463400
2021-02-18,64.35,64.35,62.73,62.91,840400
2021-02-17,64.39,65.02,63.4,64.63,1011300
2021-02-16,63.63,64.48,63.25,63.78,891900
2021-02-12,60.77,62.21,60.61,62.18,681300
2021-02-11,62.0,62.0,59.87,61.2,838900
2021-02-10,61.28,62.19,60.71,62.11,1069900
2021-02-09,61.16,61.38,60.2,60.99,826900
2021-02-08,60.0,61.89,59.93,61.61,1449200
2021-02-05,59.39,59.65,58.89,59.12,1276300
2021-02-04,58.4,58.55,57.33,58.51,972000
2021-02-03,55.87,58.08,55.77,57.93,1074700
2021-02-02,56.15,56.86,55.58,55.6,827800
2021-02-01,55.17,55.49,54.01,55.0,897300
2021-01-29,55.47,56.27,54.25,54.43,1047200
2021-01-28,56.0,56.93,55.51,56.18,805700
2021-01-27,55.28,57.13,54.54,55.62,1517000
2021-01-26,57.9,58.83,56.21,56.25,810200
2021-01-25,57.49,57.72,56.42,57.47,1181600
2021-01-22,56.92,58.15,56.43,58.01,899000
2021-01-21,60.01,60.2,57.61,58.2,1773100
2021-01-20,60.73,60.75,59.66,60.27,1090800
2021-01-19,59.77,60.54,59.53,60.17,1050600
2021-01-15,60.41,60.43,58.41,59.04,1585300
2021-01-14,59.87,62.0,59.87,61.4,1170900
2021-01-13,60.31,60.31,59.15,59.52,1028600
2021-01-12,58.69,60.36,58.33,60.06,3394300
2021-01-11,55.88,58.14,55.5,57.93,959700
2021-01-08,57.8,57.82,56.55,57.03,939900
2021-01-07,56.88,57.74,56.28,57.21,1992000
2021-01-06,55.61,56.83,54.93,56.26,1690400
2021-01-05,52.59,55.97,52.59,54.58,2150600
2021-01-04,52.55,53.02,51.43,52.13,1752000
2020-12-31,52.11,52.33,51.7,51.86,932500
2020-12-30,51.49,52.81,51.46,52.33,994000
2020-12-29,52.18,52.28,51.23,51.48,897700
2020-12-28,52.47,53.01,51.67,51.78,929000
2020-12-24,52.64,52.64,51.73,52.16,500200
2020-12-23,51.82,53.28,51.73,52.6,1006400
2020-12-22,52.1,52.28,51.27,51.3,937700
2020-12-21,51.05,52.59,50.59,52.12,1350200
2020-12-18,53.99,54.19,52.75,53.06,1251600
2020-12-17,54.76,54.76,53.63,53.99,883300
2020-12-16,55.28,55.42,54.46,54.85,836800
2020-12-15,54.43,55.37,53.83,55.09,926200
2020-12-14,56.83,56.83,53.85,54.0,1299100
2020-12-11,56.2,56.2,55.12,55.95,1015100
2020-12-10,54.86,57.14,54.7,56.62,1254500
2020-12-09,55.19,56.12,54.02,54.81,1210600
2020-12-08,53.24,55.13,53.17,54.69,931300
2020-12-07,54.53,54.55,53.32,53.77,939100
2020-12-04,53.16,55.1,53.16,55.09,1304400
2020-12-03,51.88,52.81,51.33,52.24,1250100
2020-12-02,49.93,52.48,49.85,51.66,1404100
2020-12-01,51.15,51.5,49.96,50.11,1191000
2020-11-30,52.21,52.22,49.74,49.82,1243500
2020-11-27,53.11,53.5,52.34,52.74,611900
2020-11-25,54.05,54.12,52.96,53.35,1286600
2020-11-24,53.59,54.72,53.21,54.53,1899500
2020-11-23,49.18,51.96,49.18,51.9,2041100
2020-11-20,48.62,48.86,48.15,48.43,757300
2020-11-19,47.63,48.82,47.13,48.73,1806200
2020-11-18,49.71,49.93,47.91,47.91,1490000
2020-11-17,48.11,49.26,47.48,49.26,1258100
2020-11-16,47.64,48.78,47.08,48.7,1683700
2020-11-13,44.43,45.97,44.33,45.78,911200
2020-11-12,44.89,45.51,43.7,44.13,909800
2020-11-11,46.59,46.59,45.24,45.7,1146400
2020-11-10,45.54,46.0,44.51,45.97,1712300
2020-11-09,43.48,45.51,43.31,44.68,2377100
2020-11-06,40.01,40.61,39.06,39.15,639700
2020-11-05,40.0,40.81,39.88,40.0,659600
2020-11-04,39.99,40.86,38.89,39.9,1016000
2020-11-03,40.85,40.88,39.59,39.96,915300
2020-11-02,39.35,40.65,38.63,40.15,1746600
2020-10-30,38.43,38.91,37.96,38.91,1111400
2020-10-29,37.27,38.81,36.62,38.72,1045800
2020-10-28,38.32,38.51,37.43,37.58,1978400
2020-10-27,39.8,39.8,39.21,39.26,733500
2020-10-26,40.61,40.61,39.38,39.82,1283900
2020-10-23,41.71,41.94,40.81,41.3,605200
2020-10-22,39.88,41.56,39.73,41.47,883500
2020-10-21,40.37,40.62,39.81,39.81,608900
2020-10-20,40.37,40.94,40.07,40.62,624300
2020-10-19,41.03,41.28,40.05,40.08,657300
2020-10-16,41.76,41.76,40.84,40.9,697900
2020-10-15,40.66,41.87,40.27,41.87,596200
2020-10-14,41.27,42.32,41.21,41.32,644900
2020-10-13,41.87,42.04,41.05,41.18,838700
2020-10-12,41.61,41.96,41.17,41.85,656100
2020-10-09,42.75,42.9,41.62,41.68,1165700
2020-10-08,41.14,42.4,40.96,42.36,757300
2020-10-07,40.34,40.89,39.96,40.74,581500
2020-10-06,41.34,41.67,40.07,40.1,866200
2020-10-05,40.06,40.81,39.88,40.78,902200
2020-10-02,38.05,39.89,38.03,39.6,853500
2020-10-01,39.9,40.06,38.89,39.14,1239800
2020-09-30,40.73,41.19,40.12,40.31,591800
2020-09-29,41.48,41.54,40.05,40.53,614600
2020-09-28,41.31,42.04,41.27,41.57,574000
2020-09-25,40.25,40.9,40.02,40.57,990400
2020-09-24,40.5,41.42,39.74,40.65,1270200
2020-09-23,42.69,42.91,40.58,40.63,829600
2020-09-22,43.11,43.71,42.51,42.59,568700
2020-09-21,43.43,43.47,42.24,43.02,1150700
2020-09-18,44.82,45.0,44.02,44.5,740400
2020-09-17,44.3,44.96,43.72,44.92,608300
2020-09-16,43.57,45.49,43.18,44.88,1119800
2020-09-15,43.77,44.12,43.01,43.13,719600
2020-09-14,43.18,43.82,42.85,43.42,559300
2020-09-11,43.21,43.38,42.71,43.09,897200
2020-09-10,45.41,45.44,43.53,43.53,1049000
2020-09-09,45.51,45.71,45.1,45.27,623500
2020-09-08,45.88,46.08,44.48,44.94,1836200
2020-09-04,47.19,47.68,46.16,46.81,926300
2020-09-03,47.12,48.13,46.62,46.95,910300
2020-09-02,47.57,47.8,47.06,47.3,843400
2020-09-01,47.7,47.83,47.02,47.57,922500
2020-08-31,49.2,49.2,47.89,47.89,530800
2020-08-28,48.37,49.12,48.1,49.03,450300
2020-08-27,48.17,48.44,47.55,48.22,736800
2020-08-26,49.15,49.15,48.0,48.04,556400
2020-08-25,50.0,50.15,48.9,49.17,474800
2020-08-24,48.74,50.13,48.42,49.79,2251900
2020-08-21,48.62,48.69,48.0,48.4,547000
2020-08-20,49.38,49.5,48.83,48.85,519800
2020-08-19,50.49,50.71,49.81,49.95,378600
2020-08-18,51.07,51.5,50.36,50.51,360100
2020-08-17,51.55,51.55,50.95,51.24,352100
2020-08-14,50.67,51.61,50.46,51.55,435500
2020-08-13,51.66,51.97,50.87,50.97,399000
2020-08-12,52.27,52.58,51.45,52.03,414000
2020-08-11,52.79,53.32,51.24,51.45,728600
2020-08-10,50.48,51.71,50.41,51.66,618500
2020-08-07,49.54,50.18,49.0,50.07,620800
2020-08-06,50.17,50.5,49.76,49.91,455100
2020-08-05,50.7,50.9,49.87,50.38,870300
2020-08-04,48.32,49.83,48.32,49.71,548700
2020-08-03,48.27,48.75,47.85,48.46,551300
2020-07-31,47.87,48.26,47.22,48.19,728500
2020-07-30,49.38,49.41,47.99,48.53,1114700
2020-07-29,49.41,50.38,49.16,50.35,370100
2020-07-28,49.85,50.34,49.2,49.26,427900
2020-07-27,50.1,50.41,49.46,50.12,442800
2020-07-24,50.46,51.15,50.01,50.1,434700
2020-07-23,50.2,50.68,49.76,50.42,389100
2020-07-22,50.54,50.54,49.72,50.46,1622700
2020-07-21,48.97,51.47,48.97,51.12,1236000
2020-07-20,48.85,49.3,48.1,48.1,817100
2020-07-17,49.84,50.4,48.79,48.91,390300
2020-07-16,49.65,50.33,48.98,49.72,325000
2020-07-15,50.0,50.23,49.18,49.96,576200
2020-07-14,46.9,48.9,46.74,48.84,585800
2020-07-13,47.88,48.11,46.89,47.14,695800
2020-07-10,45.92,47.55,45.81,47.54,628100
2020-07-09,48.23,48.42,46.08,46.13,1115500
2020-07-08,48.54,49.27,48.06,48.43,483600
2020-07-07,49.35,49.49,48.41,48.46,501400
2020-07-06,50.57,51.01,49.31,49.93,1000600
2020-07-02,50.22,50.85,49.6,49.7,432200
2020-07-01,50.46,51.19,49.09,49.09,750200
2020-06-30,48.85,50.63,48.36,50.3,575500
2020-06-29,48.69,49.66,48.42,49.22,633000
2020-06-26,50.01,50.08,48.27,48.54,962000
2020-06-25,49.09,50.57,48.68,50.3,1969500
2020-06-24,51.61,51.61,49.07,49.38,1128900
2020-06-23,53.1,53.28,52.22,52.34,644900
2020-06-22,52.12,52.54,51.32,52.38,666900
2020-06-19,55.26,55.27,52.81,52.86,581900
2020-06-18,52.58,54.29,52.32,53.68,1447500
2020-06-17,54.96,54.96,53.13,53.15,567700
2020-06-16,56.22,56.22,53.56,55.03,773300
2020-06-15,51.0,54.17,50.46,53.63,1548100
2020-06-12,54.17,54.74,51.9,53.3,951100
2020-06-11,53.16,54.9,51.79,51.85,2147400
2020-06-10,59.87,59.91,57.35,57.35,1905200
2020-06-09,61.07,61.11,59.68,60.57,1521500
2020-06-08,62.47,63.1,60.95,63.07,1502900
2020-06-05,58.28,60.31,58.24,59.87,1477600
2020-06-04,55.13,55.72,54.31,55.53,933700
2020-06-03,54.66,55.59,54.55,55.39,1061300
2020-06-02,52.8,53.76,52.77,53.74,950100
2020-06-01,51.31,52.56,50.61,52.3,789900
2020-05-29,51.23,51.77,50.29,51.37,1272300
2020-05-28,53.14,53.19,51.39,51.61,756800
2020-05-27,53.23,53.49,51.61,53.06,1259600
2020-05-26,52.56,52.96,52.23,52.43,2076700
2020-05-22,50.96,51.01,49.9,50.97,812900
2020-05-21,52.31,52.42,50.82,51.22,1805400
2020-05-20,51.13,52.14,50.85,52.01,1299800
2020-05-19,51.75,51.75,50.0,50.05,1986300
2020-05-18,50.38,51.79,50.09,51.51,2272900
2020-05-15,47.79,48.72,47.12,47.68,983100
2020-05-14,46.46,48.14,45.25,47.64,770700
2020-05-13,49.29,49.29,46.86,47.21,1462500
2020-05-12,50.86,51.0,49.5,49.51,1464500
2020-05-11,50.85,51.08,50.16,50.43,1460800
2020-05-08,50.1,51.27,49.89,51.23,1498400
2020-05-07,49.22,49.98,48.69,48.98,770400
2020-05-06,49.59,49.8,47.82,47.88,1474900
2020-05-05,51.36,51.63,48.99,49.23,1521300
2020-05-04,46.84,49.26,46.4,49.14,1411300
2020-05-01,49.58,49.85,47.05,47.52,1922500
2020-04-30,51.88,51.88,49.66,50.53,1697900
2020-04-29,49.36,51.64,49.36,51.46,2350400
2020-04-28,47.69,48.2,46.78,47.89,1717300
2020-04-27,45.67,47.19,44.47,46.85,1585600
2020-04-24,46.73,47.13,45.16,45.85,1893800
2020-04-23,45.72,46.83,45.19,45.8,2551500
2020-04-22,44.83,45.06,43.76,44.35,2718400
2020-04-21,42.31,43.58,41.68,42.9,2528300
2020-04-20,42.19,45.06,42.05,43.54,4538300
2020-04-17,41.55,44.89,41.52,44.76,1870300
2020-04-16,42.47,42.47,40.58,40.65,1450700
2020-04-15,42.47,42.8,41.06,42.34,1394400
2020-04-14,44.79,45.31,44.06,44.36,1740100
2020-04-13,46.54,46.54,43.8,44.53,2038400
2020-04-09,46.63,47.94,42.92,44.66,3359100
2020-04-08,43.06,45.02,42.63,44.86,1830000
2020-04-07,43.24,44.44,42.01,42.01,2426200
2020-04-06,40.07,41.52,39.6,41.22,1482900
2020-04-03,40.97,41.17,38.13,39.18,1107200
2020-04-02,38.33,41.67,37.2,39.64,2156300
2020-04-01,37.1,37.55,35.89,36.44,1531300
2020-03-31,38.84,39.41,37.49,38.22,2265800
2020-03-30,36.9,37.9,35.6,37.6,4262800
2020-03-27,38.47,38.47,37.07,37.27,2749100
2020-03-26,38.01,40.81,37.8,39.95,2086100
2020-03-25,36.93,39.65,35.4,37.8,2084800
2020-03-24,34.03,36.46,33.82,36.34,2284200
2020-03-23,33.59,33.59,30.84,31.4,2503800
2020-03-20,34.12,35.02,32.36,33.69,2048200
2020-03-19,31.81,33.45,30.03,33.32,2788800
2020-03-18,34.02,34.57,30.1,31.29,3035400
2020-03-17,36.68,37.85,35.16,36.18,1254400
2020-03-16,36.97,40.29,36.0,36.15,1694600
2020-03-13,41.35,41.62,37.13,41.57,2498500
2020-03-12,40.41,40.58,37.88,38.09,2968100
2020-03-11,44.36,45.14,42.61,43.25,2673600
2020-03-10,47.87,47.87,42.94,45.98,2713200
2020-03-09,45.55,54.0,44.92,45.01,5234700
2020-03-06,57.96,58.08,55.31,56.14,2054000
2020-03-05,60.46,60.59,58.74,59.67,1227600
2020-03-04,62.06,62.15,60.64,62.04,989100
2020-03-03,63.09,63.86,60.08,60.81,1418100
2020-03-02,62.05,62.81,59.92,62.79,3030800
2020-02-28,58.39,61.14,57.93,61.13,3583400
2020-02-27,62.17,63.26,60.27,60.27,1911600
2020-02-26,66.09,66.39,63.8,63.83,1314700
2020-02-25,69.11,69.19,65.47,65.86,1089500
2020-02-24,70.02,70.04,68.77,68.89,2002000
2020-02-21,72.77,72.89,71.8,72.36,493600
2020-02-20,73.59,74.18,73.2,73.37,487800
2020-02-19,72.85,73.66,72.5,73.35,312700
2020-02-18,72.49,72.6,71.72,72.38,556000
2020-02-14,73.66,73.66,72.59,72.99,515800
2020-02-13,73.29,73.88,73.0,73.34,955300
2020-02-12,73.67,74.13,73.04,73.65,1929700
2020-02-11,72.78,73.0,72.4,72.6,488800
2020-02-10,72.11,72.14,71.49,71.85,466500
2020-02-07,72.49,72.76,72.07,72.42,432500
2020-02-06,74.12,74.25,72.97,73.06,552500
2020-02-05,72.38,74.18,72.25,73.89,519900
2020-02-04,71.97,72.48,71.06,71.15,611400
2020-02-03,71.79,71.92,70.7,70.99,858800
2020-01-31,72.93,73.02,71.48,71.87,927600
2020-01-30,72.94,74.18,72.59,74.05,2028300
2020-01-29,74.86,75.09,73.51,73.58,760100
2020-01-28,74.51,74.83,74.03,74.38,547700
2020-01-27,74.56,74.88,73.91,73.91,950500
2020-01-24,76.89,76.89,75.51,76.12,619200
2020-01-23,76.86,77.36,76.0,77.06,651000
2020-01-22,78.2,78.3,77.32,77.46,756100
2020-01-21,79.5,79.59,78.19,78.19,1029800
2020-01-17,80.55,80.7,79.77,79.92,321300
2020-01-16,80.68,81.08,80.39,80.44,605700
2020-01-15,80.73,80.76,80.09,80.4,271200
2020-01-14,80.69,81.0,80.2,80.93,493000
2020-01-13,80.8,81.09,80.28,80.88,354900
2020-01-10,81.33,81.37,80.79,80.84,432200
2020-01-09,80.82,81.51,79.86,81.45,482100
2020-01-08,82.49,82.49,80.75,80.95,420100
2020-01-07,82.47,82.66,81.55,82.49,352400
2020-01-06,82.41,83.15,82.09,82.78,779100
2020-01-03,83.27,83.27,81.69,82.01,468800
2020-01-02,81.94,82.29,81.7,82.19,407800
2019-12-31,80.55,81.56,80.32,81.49,599500
2019-12-30,81.43,81.74,80.93,80.98,510400
2019-12-27,81.95,81.99,81.2,81.21,303900
2019-12-26,82.0,82.33,81.57,81.67,302700
2019-12-24,81.76,82.03,81.53,81.73,223800
2019-12-23,80.67,81.76,80.5,81.73,464600
2019-12-20,80.41,80.85,80.19,80.73,604700
2019-12-19,80.21,80.35,79.97,80.14,420500
2019-12-18,79.59,80.52,79.59,80.04,466300
2019-12-17,79.72,80.29,79.38,79.72,521300
2019-12-16,78.88,79.73,78.88,79.43,489400
2019-12-13,79.95,80.49,79.01,79.12,377100
2019-12-12,78.25,79.94,78.2,79.75,467200
2019-12-11,78.09,78.7,77.98,78.14,377200
2019-12-10,78.22,78.57,77.91,78.31,496600
2019-12-09,77.54,78.45,77.49,78.04,458300
2019-12-06,76.81,78.3,76.81,78.1,390900
2019-12-05,77.27,77.4,76.29,76.57,520300
2019-12-04,76.31,77.17,76.16,76.88,536700
2019-12-03,76.21,76.41,75.4,75.71,820700
2019-12-02,77.09,77.61,76.74,76.85,318300
2019-11-29,77.05,77.24,76.55,76.79,144000
2019-11-27,77.48,77.82,77.01,77.62,296600
2019-11-26,78.44,78.44,77.2,77.33,322600
2019-11-25,77.94,78.35,77.7,78.28,421900
2019-11-22,78.36,78.72,77.88,77.98,431700
2019-11-21,77.29,78.35,77.06,78.21,454200
2019-11-20,76.25,77.6,75.76,76.99,299900
2019-11-19,77.24,77.25,76.21,76.23,421400
2019-11-18,78.17,78.32,77.2,77.51,380900
2019-11-15,78.26,78.88,78.2,78.61,201300
2019-11-14,78.26,78.66,77.62,77.96,192300
2019-11-13,78.27,78.55,77.92,78.17,185700
2019-11-12,79.36,79.82,78.28,78.74,204400
2019-11-11,78.93,79.48,78.61,79.19,199200
2019-11-08,79.49,79.8,78.81,79.73,262700
2019-11-07,79.68,80.4,79.47,80.04,224300
2019-11-06,80.48,80.63,78.63,78.82,355000
2019-11-05,80.68,81.29,80.28,80.74,308100
2019-11-04,78.73,80.66,78.66,80.43,613300
2019-11-01,76.44,77.99,76.24,77.87,289800
2019-10-31,76.09,76.12,75.23,75.97,451000
2019-10-30,78.22,78.22,76.11,76.35,258100
2019-10-29,77.31,78.68,77.09,78.0,177200
2019-10-28,78.37,78.88,77.58,77.7,235200
2019-10-25,77.47,78.31,77.35,78.18,238500
2019-10-24,78.2,78.37,77.05,77.46,200700
2019-10-23,77.03,78.04,76.63,77.88,240100
2019-10-22,76.41,78.05,76.14,77.19,401900
2019-10-21,75.0,76.24,74.89,76.21,716200
2019-10-18,75.23,75.78,74.85,74.85,193500
2019-10-17,75.57,75.86,75.1,75.38,340900
2019-10-16,76.09,76.58,75.28,75.35,142400
2019-10-15,75.89,77.13,75.71,76.34,186700
2019-10-14,75.6,76.23,75.14,75.96,205300
2019-10-11,75.84,76.86,75.82,76.25,297900
2019-10-10,74.35,75.23,74.29,75.04,266900
2019-10-09,74.15,74.54,74.0,74.11,208500
2019-10-08,74.06,74.58,73.38,73.38,378300
2019-10-07,75.63,75.93,74.77,74.77,369100
2019-10-04,75.38,75.59,74.59,75.53,281900
2019-10-03,73.81,75.17,73.25,75.12,571100
2019-10-02,75.68,75.78,74.07,74.19,521800
2019-10-01,78.46,78.66,76.12,76.18,373800
2019-09-30,78.26,78.41,77.91,78.02,250500
2019-09-27,78.02,79.17,78.0,78.49,283200
2019-09-26,79.41,79.41,78.18,78.64,337500
2019-09-25,79.86,80.46,79.66,80.35,207800
2019-09-24,81.37,81.39,79.78,80.3,286700
2019-09-23,81.16,81.91,81.0,81.67,162600
2019-09-20,81.69,82.03,81.25,81.64,231100
2019-09-19,82.52,82.71,81.39,81.46,118600
2019-09-18,81.79,82.23,81.4,81.92,202400
2019-09-17,84.0,84.05,81.99,82.48,269800
2019-09-16,84.62,84.62,82.92,84.06,655600
2019-09-13,80.56,81.26,80.29,80.8,169200
2019-09-12,79.83,80.52,78.88,80.18,314300
2019-09-11,81.06,81.79,80.18,80.76,304900
2019-09-10,80.0,81.82,80.0,80.6,580500
2019-09-09,78.33,79.74,78.19,79.62,475700
2019-09-06,77.29,77.89,76.75,77.78,245900
2019-09-05,77.06,78.3,76.82,77.55,942400
2019-09-04,76.21,76.67,76.12,76.4,182000
2019-09-03,74.49,75.37,74.14,75.29,266100
2019-08-30,76.05,76.71,75.26,75.74,211000
2019-08-29,75.19,76.06,75.19,75.76,362400
2019-08-28,73.75,74.94,73.53,74.56,347100
2019-08-27,74.34,74.55,72.99,73.29,383500
2019-08-26,74.32,74.79,73.59,73.87,310100
2019-08-23,75.34,75.95,73.18,73.61,337600
2019-08-22,76.96,77.22,76.2,76.21,185200
2019-08-21,76.99,77.07,76.45,76.74,559400
2019-08-20,76.54,76.54,75.87,76.17,158800
2019-08-19,76.09,77.05,76.0,76.86,324700
2019-08-16,74.25,75.27,74.12,75.06,298800
2019-08-15,74.33,74.33,73.15,73.92,372600
2019-08-14,75.79,75.85,74.28,74.3,451700
2019-08-13,76.56,78.32,76.0,77.58,340500
2019-08-12,77.57,77.62,76.45,76.73,164500
2019-08-09,78.86,78.91,77.48,77.74,216500
2019-08-08,77.06,78.75,76.77,78.7,573800
2019-08-07,75.88,76.95,75.28,76.53,533300
2019-08-06,77.57,78.04,76.3,77.2,565100
2019-08-05,78.25,78.51,76.8,77.23,819600
2019-08-02,81.18,81.59,78.93,79.74,672100
2019-08-01,82.1,82.32,80.4,80.87,361400
2019-07-31,83.39,84.2,82.62,82.97,177300
2019-07-30,81.92,83.59,81.75,83.38,246200
2019-07-29,82.69,82.7,81.6,82.25,211000
2019-07-26,83.08,83.1,82.37,82.72,167900
2019-07-25,84.53,84.53,82.88,83.15,160800
2019-07-24,83.74,84.78,83.74,84.2,143300
2019-07-23,83.68,84.04,83.37,83.93,165300
2019-07-22,83.43,83.85,82.9,83.57,199300
2019-07-19,82.89,83.44,82.53,83.18,163000
2019-07-18,82.55,82.78,81.93,82.73,191700
2019-07-17,84.0,84.06,82.83,82.83,185200
2019-07-16,84.86,84.86,83.62,83.89,191900
2019-07-15,85.94,85.94,84.75,84.95,171400
2019-07-12,85.58,86.11,85.58,85.82,125300
2019-07-11,85.7,85.77,85.06,85.5,157200
2019-07-10,84.89,85.68,84.8,85.56,169400
2019-07-09,84.09,84.3,83.5,84.3,290100
2019-07-08,84.04,84.78,83.84,84.16,192000
2019-07-05,83.71,84.25,83.41,84.25,214300
2019-07-03,83.82,84.08,83.33,84.08,134300
2019-07-02,84.97,85.01,83.32,83.64,177000
2019-07-01,86.04,86.49,84.97,85.17,192000
2019-06-28,84.17,85.11,84.17,85.02,175700
2019-06-27,84.66,84.8,83.83,83.98,136900
2019-06-26,84.2,85.24,83.97,84.59,248000
2019-06-25,83.87,83.87,83.16,83.27,171900
2019-06-24,84.72,84.93,83.82,83.9,257100
2019-06-21,84.28,85.0,84.28,84.82,231400
2019-06-20,84.15,85.06,84.0,84.82,235800
2019-06-19,82.95,83.5,82.58,82.92,150500
2019-06-18,82.54,83.63,82.5,83.08,156400
2019-06-17,80.93,82.07,80.78,81.88,354600
2019-06-14,82.02,82.02,80.96,81.16,109100
2019-06-13,81.66,82.05,81.52,81.82,269900
2019-06-12,81.62,81.62,80.54,80.78,250000
2019-06-11,82.75,83.0,82.12,82.12,300700
2019-06-10,82.09,82.84,81.92,81.99,264800
2019-06-07,81.6,82.36,81.49,81.82,234000
2019-06-06,80.44,81.75,80.44,81.49,256000
2019-06-05,81.28,81.41,79.66,80.19,297500
2019-06-04,80.49,81.38,80.34,81.31,281900
2019-06-03,79.24,80.09,79.18,79.87,387400
2019-05-31,78.99,79.73,78.71,78.77,596000
2019-05-30,81.12,81.19,79.92,80.11,277400
2019-05-29,80.5,81.3,80.05,81.16,423400
2019-05-28,82.67,82.67,81.54,81.6,258000
2019-05-24,83.0,83.07,81.86,82.49,247400
2019-05-23,84.0,84.11,81.81,82.35,455400
2019-05-22,86.31,86.56,85.02,85.21,160700
2019-05-21,86.16,87.0,86.07,86.87,146800
2019-05-20,85.8,86.24,85.62,85.86,117300
2019-05-17,86.42,86.72,85.81,85.91,115400
2019-05-16,86.74,87.23,86.74,86.95,269400
2019-05-15,85.38,86.58,85.14,86.4,300800
2019-05-14,85.19,86.58,85.19,85.9,148200
2019-05-13,85.65,85.91,84.32,84.73,330700
2019-05-10,85.86,86.58,84.73,86.39,136000
2019-05-09,85.61,86.2,84.72,85.89,338000
2019-05-08,85.99,86.68,85.8,85.97,332500
2019-05-07,85.76,86.04,84.88,86.04,324800
2019-05-06,85.78,87.01,85.78,86.63,385600
2019-05-03,86.43,87.27,86.43,86.55,278200
2019-05-02,86.75,87.15,85.71,85.78,408300
2019-05-01,89.18,89.31,87.25,87.27,207500
2019-04-30,90.14,90.5,89.03,89.21,127300
2019-04-29,89.53,89.87,89.23,89.45,220200
2019-04-26,90.0,90.0,88.68,89.62,381400
2019-04-25,91.15,91.43,90.55,90.69,201100
2019-04-24,92.96,92.96,91.06,91.14,145200
2019-04-23,93.0,93.17,92.2,92.88,302800
2019-04-22,91.67,92.91,91.52,92.84,292700
2019-04-18,91.64,91.69,90.63,90.79,148100
2019-04-17,91.88,92.12,91.15,91.3,220400
2019-04-16,91.05,91.53,90.79,91.38,134800
2019-04-15,91.33,91.51,90.67,90.84,653600
2019-04-12,92.3,92.4,91.21,91.42,185700
2019-04-11,91.0,91.75,90.41,91.05,185800
2019-04-10,90.91,91.45,90.86,91.08,98200
2019-04-09,91.57,91.57,90.46,90.67,169500
2019-04-08,91.57,92.34,91.48,91.85,286000
2019-04-05,90.09,91.53,90.0,91.48,261000
2019-04-04,89.05,89.85,88.65,89.82,213000
2019-04-03,90.32,90.39,88.74,89.0,205000
2019-04-02,90.79,90.91,89.78,89.96,274600
2019-04-01,89.99,90.76,89.94,90.63,235700
2019-03-29,90.36,90.54,89.11,89.38,132500
2019-03-28,88.67,89.57,88.5,89.44,175900
2019-03-27,89.67,89.99,88.39,89.1,172900
2019-03-26,89.5,90.37,89.2,89.71,226500
2019-03-25,88.1,88.54,87.5,88.39,232900
2019-03-22,90.29,90.3,88.07,88.45,301000
2019-03-21,90.19,91.15,89.98,91.03,263200
2019-03-20,90.01,91.85,89.81,91.05,238500
2019-03-19,90.86,91.32,89.78,90.1,229000
2019-03-18,89.25,90.55,89.25,90.45,165700
2019-03-15,88.79,89.36,88.79,89.04,229700
2019-03-14,89.17,89.65,89.09,89.17,440600
2019-03-13,88.64,89.12,88.36,89.06,109100
2019-03-12,87.71,88.53,87.67,88.09,174100
2019-03-11,86.58,87.57,86.52,87.36,236100
2019-03-08,86.32,86.32,85.22,85.94,374200
2019-03-07,88.33,88.65,87.37,87.71,648700
2019-03-06,88.9,88.9,87.78,88.22,407700
2019-03-05,90.02,90.02,88.88,89.54,268200
2019-03-04,89.96,90.2,88.45,89.82,243400
2019-03-01,88.45,89.63,88.45,89.61,708400
2019-02-28,88.96,89.13,87.45,88.01,149700
2019-02-27,88.92,89.78,88.4,88.86,252800
2019-02-26,88.84,89.34,88.44,88.49,298800
2019-02-25,88.42,89.25,88.42,88.89,381000
2019-02-22,89.2,89.4,88.42,88.81,259900
2019-02-21,89.79,89.88,88.21,88.54,299500
2019-02-20,89.49,90.45,89.49,90.04,1780600
2019-02-19,88.88,89.97,88.75,89.62,517600
2019-02-15,88.55,89.3,88.55,89.28,377100
2019-02-14,87.11,88.42,87.01,87.78,307200
2019-02-13,86.73,88.11,86.73,87.42,352700
2019-02-12,86.4,86.85,85.96,86.3,298200
2019-02-11,84.34,85.33,84.1,85.25,211600
2019-02-08,84.96,85.1,83.3,84.76,351100
2019-02-07,86.61,86.92,84.4,85.16,397600
2019-02-06,87.46,87.74,87.16,87.23,339200
2019-02-05,87.85,88.15,87.48,87.88,328700
2019-02-04,87.09,87.87,86.37,87.87,382400
2019-02-01,86.84,88.14,86.74,87.58,470600
2019-01-31,86.08,86.64,85.53,86.14,710400
2019-01-30,85.14,86.05,84.57,85.75,521000
2019-01-29,84.73,85.05,84.46,84.49,339000
2019-01-28,83.97,84.25,83.28,84.24,345800
2019-01-25,84.62,85.62,84.62,85.14,285100
2019-01-24,83.32,84.7,82.95,84.0,262400
2019-01-23,84.67,84.77,82.9,83.48,360900
2019-01-22,85.56,85.65,84.22,84.36,556100
2019-01-18,85.86,86.51,85.28,86.49,351600
2019-01-17,83.42,85.13,83.2,84.78,269200
2019-01-16,84.02,84.71,83.78,84.02,228800
2019-01-15,84.27,84.79,83.68,84.15,299200
2019-01-14,83.18,84.1,83.01,83.73,248300
2019-01-11,84.0,84.22,83.2,83.96,204100
2019-01-10,83.65,84.57,83.14,84.49,273300
2019-01-09,83.98,84.58,83.25,84.28,339800
2019-01-08,83.39,83.65,82.43,82.97,417500
2019-01-07,81.35,82.85,80.5,82.27,549000
2019-01-04,79.37,81.1,79.18,80.95,458300
2019-01-03,78.94,79.09,77.12,78.08,423400
2019-01-02,75.85,79.26,75.58,78.82,468500
2018-12-31,77.32,77.74,76.19,77.11,1508900
2018-12-28,77.58,78.04,76.24,76.69,1587700
2018-12-27,75.47,77.44,74.31,77.44,1543800
2018-12-26,73.09,77.03,71.7,77.03,1786900
2018-12-24,74.57,74.77,72.31,72.37,961800
2018-12-21,76.02,77.47,74.77,75.32,1782400
2018-12-20,77.36,78.79,75.83,76.3,1497700
2018-12-19,79.95,81.22,77.98,78.48,966800
2018-12-18,81.48,81.64,79.12,79.53,1011600
2018-12-17,82.99,83.55,80.92,81.45,2966600
2018-12-14,84.53,84.96,82.73,83.08,431600
2018-12-13,85.0,85.8,84.45,85.21,388100
2018-12-12,86.77,87.43,85.75,85.78,569400
2018-12-11,86.73,86.9,84.49,85.36,494400
2018-12-10,86.27,86.65,83.52,85.37,667000
2018-12-07,88.95,90.39,86.77,86.9,337400
2018-12-06,87.28,87.52,85.49,87.35,852500
2018-12-04,91.98,92.26,89.07,89.22,246100
2018-12-03,91.92,92.44,90.88,92.02,575400
2018-11-30,89.52,90.16,88.84,89.76,280300
2018-11-29,89.56,90.94,89.52,90.24,246900
2018-11-28,88.15,89.65,87.51,89.63,397700
2018-11-27,88.09,88.88,87.65,88.21,430800
2018-11-26,87.87,89.04,87.87,88.54,539900
2018-11-23,87.74,87.97,86.52,87.09,261500
2018-11-21,89.22,90.92,89.19,90.04,313800
2018-11-20,90.43,90.43,87.84,88.51,472900
2018-11-19,91.15,92.09,90.88,91.69,224700
2018-11-16,91.38,92.07,90.73,91.79,179000
2018-11-15,88.91,90.95,88.2,90.95,369400
2018-11-14,90.97,91.42,88.61,89.42,422400
2018-11-13,91.51,92.03,89.22,89.55,351900
2018-11-12,94.57,94.82,91.64,91.8,173100
2018-11-09,92.83,94.51,92.28,93.9,210800
2018-11-08,96.01,96.72,93.87,94.15,171200
2018-11-07,95.93,96.84,94.97,96.33,209300
2018-11-06,94.65,95.01,93.72,94.75,187700
2018-11-05,93.99,94.83,93.82,94.55,178600
2018-11-02,94.32,94.82,92.14,92.98,183300
2018-11-01,92.69,93.72,91.77,93.3,198100
2018-10-31,92.55,94.04,92.33,92.38,353100
2018-10-30,89.62,92.01,89.4,91.82,422200
2018-10-29,92.19,92.34,88.61,89.88,385500
2018-10-26,91.62,92.89,90.2,91.71,408700
2018-10-25,92.47,93.37,91.82,92.45,379100
2018-10-24,95.66,95.66,91.22,91.27,777600
2018-10-23,96.37,96.37,93.96,95.21,307400
2018-10-22,99.02,99.11,97.37,97.96,284200
2018-10-19,99.51,100.65,99.0,99.08,261000
2018-10-18,99.54,100.88,99.35,99.88,219300
2018-10-17,101.16,101.46,99.8,100.57,200600
2018-10-16,100.78,101.58,100.55,101.43,163000
2018-10-15,101.1,101.61,100.46,100.46,228200
2018-10-12,101.94,102.09,99.56,101.06,307900
2018-10-11,103.05,103.27,100.13,100.61,450800
2018-10-10,107.7,108.07,103.75,103.79,295200
2018-10-09,107.05,108.55,106.72,107.8,176200
2018-10-08,106.08,106.89,105.66,106.8,140900
2018-10-05,106.82,107.2,106.11,106.79,152700
2018-10-04,107.2,107.8,106.31,106.86,153200
2018-10-03,106.86,107.84,106.67,107.61,308600
2018-10-02,106.59,106.92,105.83,106.57,133900
2018-10-01,105.56,106.92,105.54,106.58,224600
2018-09-28,104.85,106.16,104.74,105.11,288500
2018-09-27,105.57,105.76,104.91,105.31,169800
2018-09-26,105.74,106.11,104.99,105.12,125700
2018-09-25,106.23,106.75,105.93,106.24,173100
2018-09-24,104.74,106.04,104.74,105.67,260900
2018-09-21,104.52,105.04,104.03,104.69,184700
2018-09-20,104.46,104.88,103.92,104.03,119600
2018-09-19,103.52,104.38,103.52,104.01,93900
2018-09-18,103.28,104.2,103.28,103.53,121700
2018-09-17,102.89,103.47,102.5,102.7,404400
2018-09-14,102.06,103.04,102.05,102.62,141900
2018-09-13,102.04,102.35,101.3,102.07,283400
2018-09-12,102.25,103.1,102.14,102.17,177700
2018-09-11,100.23,102.04,100.08,101.58,135100
2018-09-10,100.79,101.35,100.33,100.38,115800
2018-09-07,99.9,100.57,98.94,100.42,182900
2018-09-06,102.21,102.33,100.18,100.4,158100
2018-09-05,102.19,102.55,101.11,102.48,174700
2018-09-04,103.42,103.65,102.4,102.72,252300
2018-08-31,103.51,103.51,102.65,103.08,230000
2018-08-30,104.12,104.36,103.31,103.86,138900
2018-08-29,103.68,104.6,103.52,104.2,171100
2018-08-28,104.02,104.61,103.36,103.46,157800
2018-08-27,103.6,104.2,103.48,103.98,481100
2018-08-24,103.12,103.89,103.09,103.28,169000
2018-08-23,102.69,102.69,102.09,102.53,186100
2018-08-22,102.27,103.31,102.27,102.99,211500
2018-08-21,101.73,102.43,101.57,101.66,249000
2018-08-20,100.15,101.3,100.14,101.02,192100
2018-08-17,100.24,100.48,99.84,100.23,160500
2018-08-16,99.64,100.43,99.56,99.91,685400
2018-08-15,102.1,102.19,98.86,99.14,537000
2018-08-14,103.19,103.6,102.49,102.88,220000
2018-08-13,103.77,104.14,102.53,102.55,165300
2018-08-10,103.19,104.07,102.99,104.01,130300
2018-08-09,104.31,104.5,103.27,103.43,156000
2018-08-08,104.48,104.68,103.67,104.31,119100
2018-08-07,105.28,105.74,104.97,105.12,255300
2018-08-06,104.27,104.92,103.75,104.49,125300
2018-08-03,104.37,104.54,103.46,104.04,132700
2018-08-02,104.15,104.58,103.64,104.52,208100
2018-08-01,105.34,105.37,104.42,104.95,189900
2018-07-31,106.66,107.0,105.98,106.22,300200
2018-07-30,106.31,106.87,106.16,106.52,150200
2018-07-27,105.09,106.15,104.95,105.47,143900
2018-07-26,105.36,106.35,105.15,106.16,232700
2018-07-25,104.34,105.33,103.94,105.23,244000
2018-07-24,103.51,104.92,103.39,104.23,101300
2018-07-23,103.76,103.9,102.88,103.08,107400
2018-07-20,103.9,104.09,103.19,103.45,102500
2018-07-19,103.61,104.37,103.53,103.93,160200
2018-07-18,103.24,104.02,102.23,103.88,259200
2018-07-17,103.71,104.3,103.06,103.73,245200
2018-07-16,104.47,104.81,103.2,104.11,187700
2018-07-13,104.94,106.11,104.93,105.38,108300
2018-07-12,105.27,105.55,104.1,104.85,262100
2018-07-11,106.25,106.78,104.1,104.76,176700
2018-07-10,107.06,108.13,106.85,107.1,201200
2018-07-09,105.42,106.57,105.42,106.43,161200
2018-07-06,103.5,105.07,103.24,104.75,122600
2018-07-05,104.83,104.89,103.66,103.98,251700
2018-07-03,104.45,105.71,103.79,104.16,228300
2018-07-02,104.19,104.19,102.77,103.31,288400
2018-06-29,104.71,106.14,104.71,105.08,605000
2018-06-28,104.75,105.01,103.67,104.38,296700
2018-06-27,104.65,106.57,104.65,105.26,240500
2018-06-26,102.52,104.13,102.33,103.76,166300
2018-06-25,104.25,104.33,101.72,102.2,213400
2018-06-22,104.66,105.62,104.52,104.54,217500
2018-06-21,103.62,103.62,101.84,102.13,163600
2018-06-20,104.23,104.53,103.38,104.27,207900
2018-06-19,102.54,104.0,102.19,103.62,154900
2018-06-18,102.38,104.53,102.38,103.79,193800
2018-06-15,104.42,104.49,102.46,102.58,347500
2018-06-14,105.63,105.76,104.73,104.85,155400
2018-06-13,105.29,105.81,104.75,105.18,195100
2018-06-12,106.32,106.7,105.29,105.55,211700
2018-06-11,105.75,106.84,105.51,106.28,147700
2018-06-08,106.21,106.53,105.15,105.86,122400
2018-06-07,104.98,106.75,104.98,106.19,318200
2018-06-06,104.38,104.8,103.64,104.44,198300
2018-06-05,103.8,104.85,103.43,104.07,152100
2018-06-04,105.67,106.4,103.93,104.31,246700
2018-06-01,105.3,106.09,104.72,105.39,325700
2018-05-31,105.14,106.33,104.7,104.96,390400
2018-05-30,103.29,106.25,103.29,105.84,283000
2018-05-29,101.95,103.14,101.63,102.53,371000
2018-05-25,103.6,104.08,101.61,102.77,456200
2018-05-24,106.19,106.26,105.13,105.53,578100
2018-05-23,106.69,107.41,105.88,107.26,434400
2018-05-22,108.99,109.79,107.11,107.39,254800
2018-05-21,108.47,109.0,107.89,108.92,218400
2018-05-18,108.51,108.59,107.7,107.84,230700
2018-05-17,107.24,108.82,107.23,108.59,372800
2018-05-16,106.2,106.94,105.76,106.88,304400
2018-05-15,106.1,106.55,105.49,106.36,252800
2018-05-14,105.92,106.7,105.79,106.35,214100
2018-05-11,105.72,106.2,105.34,105.58,292400
2018-05-10,105.32,105.75,104.7,105.58,348800
2018-05-09,104.0,105.98,104.0,104.81,387600
2018-05-08,101.92,102.82,100.0,102.82,369100
2018-05-07,102.43,104.03,101.66,101.82,409000
2018-05-04,100.76,101.9,100.28,101.59,128400
2018-05-03,100.91,101.06,99.68,100.92,121600
2018-05-02,100.51,102.06,100.24,101.27,150900
2018-05-01,100.84,100.84,99.51,100.72,209800
2018-04-30,101.27,102.49,100.86,101.32,182400
2018-04-27,101.62,101.9,100.98,101.34,156000
2018-04-26,101.53,102.59,101.19,102.59,606600
2018-04-25,99.86,101.21,99.25,101.12,877500
2018-04-24,101.66,102.31,99.78,100.2,343400
2018-04-23,100.43,101.36,99.84,101.31,152000
2018-04-20,100.96,101.0,100.08,100.7,279700
2018-04-19,101.27,102.0,100.62,101.17,221600
2018-04-18,100.18,102.01,100.0,101.08,296100
2018-04-17,99.05,99.82,98.63,99.38,433600
2018-04-16,98.16,99.34,97.62,98.91,202700
2018-04-13,97.27,98.38,97.27,98.0,177800
2018-04-12,97.24,97.44,96.49,96.83,219700
2018-04-11,95.52,97.1,95.52,96.82,282500
2018-04-10,93.88,96.45,93.88,95.73,320100
2018-04-09,92.58,93.73,92.31,92.49,153900
2018-04-06,93.5,93.79,90.95,92.13,210000
2018-04-05,92.5,94.57,92.5,94.05,385000
2018-04-04,90.69,92.34,90.2,92.25,273100
2018-04-03,90.83,92.34,89.85,92.31,309900
2018-04-02,92.0,92.13,88.88,90.39,480100
2018-03-29,90.81,92.74,90.81,92.37,281000
2018-03-28,91.99,92.55,90.25,90.38,322400
2018-03-27,93.26,93.79,91.54,92.05,384800
2018-03-26,92.51,93.2,91.43,93.07,216900
2018-03-23,92.54,93.54,91.33,91.5,226500
2018-03-22,93.12,93.49,91.89,92.1,205400
2018-03-21,92.01,94.58,91.75,94.08,416800
2018-03-20,90.96,92.08,90.96,91.47,257200
2018-03-19,91.96,92.2,90.12,90.71,338200
2018-03-16,91.36,92.61,91.23,92.27,744700
2018-03-15,92.98,93.24,91.29,91.98,200200
2018-03-14,93.37,93.59,92.35,92.49,138100
2018-03-13,93.9,94.4,92.69,93.02,136000
2018-03-12,93.66,94.27,93.24,93.67,178400
2018-03-09,92.5,93.76,92.5,93.62,173100
2018-03-08,92.15,92.4,91.25,91.87,288400
2018-03-07,91.87,92.76,91.16,92.01,160700
2018-03-06,93.3,93.65,92.38,92.76,167100
2018-03-05,91.29,93.1,91.26,92.82,220500
2018-03-02,90.45,91.98,89.69,91.66,495700
2018-03-01,91.0,92.42,90.45,91.15,568000
2018-02-28,93.99,94.14,91.11,91.11,258700
2018-02-27,94.9,95.68,93.44,93.45,199500
2018-02-26,94.52,94.97,94.15,94.76,208200
2018-02-23,92.67,94.27,92.46,94.19,153800
2018-02-22,91.73,93.51,91.6,92.12,199900
2018-02-21,92.47,93.27,91.1,91.13,189100
2018-02-20,93.31,94.0,92.29,92.62,164700
2018-02-16,93.04,94.11,92.69,93.16,274700
2018-02-15,93.89,93.89,91.83,93.38,245700
2018-02-14,91.16,93.83,90.84,93.54,262600
2018-02-13,91.98,92.42,91.59,92.03,256200
2018-02-12,92.0,93.39,91.68,92.44,453600
2018-02-09,92.01,92.13,87.83,90.8,740600
2018-02-08,94.02,94.42,90.86,90.93,470400
2018-02-07,95.9,97.1,93.93,93.97,296400
2018-02-06,93.01,96.34,92.67,95.72,858800
2018-02-05,97.61,98.8,93.27,94.77,827600
2018-02-02,101.42,101.77,98.35,98.83,555100
2018-02-01,102.27,103.28,101.79,103.27,323600
2018-01-31,102.28,102.86,101.44,102.07,305700
2018-01-30,103.37,103.58,101.93,102.04,493200
2018-01-29,105.41,105.81,104.15,104.3,244500
2018-01-26,105.63,106.1,105.36,105.96,145500
2018-01-25,106.68,106.73,105.18,105.35,144500
2018-01-24,106.8,107.2,105.95,106.28,277300
2018-01-23,106.84,107.08,106.0,106.66,255300
2018-01-22,104.51,106.73,104.51,106.7,330600
2018-01-19,104.42,104.54,103.77,104.5,233900
2018-01-18,105.2,105.3,104.41,104.61,238100
2018-01-17,104.9,106.01,104.3,105.49,218400
2018-01-16,106.13,106.65,104.51,104.69,1475700
2018-01-12,105.08,106.13,105.08,105.99,367200
2018-01-11,103.32,105.52,103.0,105.11,332500
2018-01-10,103.24,103.38,102.89,102.97,889200
2018-01-09,103.41,103.6,102.91,103.13,211600
2018-01-08,102.65,103.45,102.4,103.36,305400
2018-01-05,102.68,102.79,101.92,102.78,240600
2018-01-04,102.27,102.91,101.75,102.81,296700
2018-01-03,101.05,102.49,100.84,102.26,484400
2018-01-02,99.31,100.82,98.87,100.73,442200
2017-12-29,99.51,99.6,98.87,98.95,238900
2017-12-28,99.15,99.36,99.0,99.31,143300
2017-12-27,99.51,99.58,98.98,99.18,176000
2017-12-26,98.66,99.67,98.66,99.57,192300
2017-12-22,98.32,98.93,97.98,98.56,272500
2017-12-21,96.18,98.56,96.12,98.23,347000
2017-12-20,95.09,96.29,94.74,96.19,319600
2017-12-19,95.08,95.37,94.57,94.74,173900
2017-12-18,94.11,95.13,94.09,94.71,207000
2017-12-15,94.5,94.55,93.71,93.81,224500
2017-12-14,94.11,94.65,93.93,93.94,189700
2017-12-13,95.17,95.33,94.73,94.96,183800
2017-12-12,95.72,95.89,95.07,95.07,261200
2017-12-11,94.75,95.93,94.75,95.46,146000
2017-12-08,94.17,94.83,93.92,94.66,124800
2017-12-07,93.49,93.99,93.32,93.8,174900
2017-12-06,94.67,94.68,93.35,93.42,177300
2017-12-05,95.34,95.7,94.82,94.92,192200
2017-12-04,95.56,96.96,95.17,95.35,262800
2017-12-01,95.15,96.15,94.51,95.49,271500
2017-11-30,93.46,94.73,93.22,94.49,767800
2017-11-29,92.48,93.25,92.29,93.01,181500
2017-11-28,91.94,92.72,91.81,92.56,153800
2017-11-27,92.63,92.65,91.75,91.85,217500
2017-11-24,93.12,93.31,92.98,93.0,61100
2017-11-22,92.74,93.06,92.56,92.79,215200
2017-11-21,92.3,92.77,92.03,92.2,208500
2017-11-20,92.02,92.22,91.51,92.04,215000
2017-11-17,91.94,92.42,91.74,92.26,222800
2017-11-16,91.81,92.02,91.37,91.65,267000
2017-11-15,92.23,92.36,91.55,91.98,202900
2017-11-14,94.2,94.6,92.95,93.07,273400
2017-11-13,95.1,95.47,94.64,94.65,151800
2017-11-10,95.62,95.82,94.7,95.37,126200
2017-11-09,95.2,96.0,95.04,95.83,213000
2017-11-08,95.75,96.03,94.91,95.52,370800
2017-11-07,96.4,96.4,95.51,95.99,261500
2017-11-06,94.12,96.26,94.12,96.18,406700
2017-11-03,93.48,94.25,93.34,93.84,197600
2017-11-02,93.77,94.06,92.93,93.5,203100
2017-11-01,93.17,94.23,93.17,93.77,306900
2017-10-31,92.05,92.92,91.85,92.58,212900
2017-10-30,90.67,92.46,90.67,92.21,634800
2017-10-27,90.67,92.02,90.15,91.73,240800
2017-10-26,91.04,91.47,90.58,91.32,196800
2017-10-25,91.5,91.8,90.73,91.03,264000
2017-10-24,91.75,92.18,91.51,91.7,203000
2017-10-23,92.21,92.6,91.48,91.48,223600
2017-10-20,92.23,92.3,91.66,92.25,196700
2017-10-19,91.89,92.52,91.4,92.04,128400
2017-10-18,92.99,93.47,92.34,92.39,166500
2017-10-17,93.06,93.35,92.65,93.15,138400
2017-10-16,93.31,93.72,92.97,93.14,131400
2017-10-13,93.57,93.87,92.91,92.93,174400
2017-10-12,92.78,93.16,92.48,92.95,163600
2017-10-11,93.14,93.41,92.69,93.38,132300
2017-10-10,93.76,94.1,93.07,93.15,109000
2017-10-09,92.9,93.31,92.88,93.08,163900
2017-10-06,92.81,93.32,92.54,92.8,146400
2017-10-05,93.33,93.9,93.31,93.78,136900
2017-10-04,93.42,93.73,93.05,93.35,156800
2017-10-03,93.51,93.73,93.21,93.44,223800
2017-10-02,92.58,93.56,92.17,93.51,322100
2017-09-29,93.34,93.58,92.93,93.58,386400
2017-09-28,93.71,94.12,93.23,93.55,104000
2017-09-27,93.62,93.62,92.54,93.41,202600
2017-09-26,93.82,94.31,93.69,94.15,280300
2017-09-25,93.07,94.43,93.07,94.27,376000
2017-09-22,92.16,92.96,92.16,92.71,132800
2017-09-21,92.2,92.48,91.86,92.3,207900
2017-09-20,91.85,92.62,91.7,92.37,422400
2017-09-19,91.31,91.73,91.26,91.55,265500
2017-09-18,90.62,91.32,90.57,91.32,407200
2017-09-15,90.91,90.91,90.21,90.82,258700
2017-09-14,90.44,91.33,90.37,90.69,252700
2017-09-13,89.08,90.3,89.08,90.21,251300
2017-09-12,88.41,89.21,88.36,88.94,183600
2017-09-11,87.74,88.4,87.6,88.31,251900
2017-09-08,88.24,88.25,86.96,87.43,284500
2017-09-07,88.38,88.72,87.84,88.44,228000
2017-09-06,87.49,88.63,87.25,88.44,272900
2017-09-05,86.88,87.43,86.35,87.0,383300
2017-09-01,85.8,86.79,85.56,86.56,176800
2017-08-31,85.46,85.88,85.28,85.72,536000
2017-08-30,84.79,85.38,84.48,85.09,219600
2017-08-29,84.73,85.22,84.39,85.03,226200
2017-08-28,85.7,85.9,84.68,85.13,162300
2017-08-25,85.28,85.87,85.28,85.63,122000
2017-08-24,84.9,85.36,84.8,85.09,179000
2017-08-23,84.53,85.53,84.39,85.1,258500
2017-08-22,84.25,84.82,84.25,84.71,170400
2017-08-21,84.5,84.5,83.8,84.03,387700
2017-08-18,84.02,85.14,83.83,84.61,382500
2017-08-17,85.0,85.34,84.03,84.06,515100
2017-08-16,86.13,86.33,85.08,85.26,486200
2017-08-15,86.33,86.34,85.58,86.12,443300
2017-08-14,87.01,87.38,86.44,86.49,459500
2017-08-11,87.11,87.6,86.75,86.85,452000
2017-08-10,88.52,88.6,87.2,87.33,255400
2017-08-09,88.47,88.92,87.95,88.34,228800
2017-08-08,88.29,89.15,88.0,88.3,224700
2017-08-07,88.98,89.12,88.32,88.54,320200
2017-08-04,88.88,89.62,88.85,89.42,180400
2017-08-03,90.12,90.21,88.6,88.88,274200
2017-08-02,90.08,90.66,89.33,90.23,170500
2017-08-01,90.85,91.15,90.25,90.6,209000
2017-07-31,90.58,91.24,90.19,90.78,238000
2017-07-28,90.35,91.6,90.3,90.6,154700
2017-07-27,89.97,90.84,89.5,90.84,227800
2017-07-26,90.32,91.0,89.65,89.99,290600
2017-07-25,89.43,90.52,89.43,89.91,210400
2017-07-24,89.04,89.05,88.44,88.6,255100
2017-07-21,89.51,89.88,88.69,88.89,152300
2017-07-20,90.69,90.96,89.56,89.71,179100
2017-07-19,88.6,90.26,88.6,90.17,373000
2017-07-18,89.64,89.64,88.35,88.69,157500
2017-07-17,89.11,89.82,89.06,89.23,140700
2017-07-14,88.82,89.48,88.75,89.27,158700
2017-07-13,88.36,88.82,87.88,88.82,182100
2017-07-12,88.97,89.28,87.99,88.34,302800
2017-07-11,87.61,88.41,87.13,88.02,203400
2017-07-10,87.0,87.77,86.75,87.56,351700
2017-07-07,87.04,87.27,86.08,87.13,456500
2017-07-06,88.55,88.84,87.16,87.33,395300
2017-07-05,89.77,90.32,88.07,88.37,234900
2017-07-03,88.88,90.77,88.85,90.37,263500
2017-06-30,88.79,89.03,88.02,88.5,298000
2017-06-29,88.36,89.2,88.0,88.21,309300
2017-06-28,87.54,88.54,87.46,88.0,285800
2017-06-27,87.79,88.34,87.41,87.41,347000
2017-06-26,87.86,88.2,87.15,87.54,334300
2017-06-23,86.99,87.74,86.72,87.61,238000
2017-06-22,87.58,88.25,87.1,87.45,382200
2017-06-21,88.95,89.33,87.0,87.47,595600
2017-06-20,89.13,89.32,87.94,89.03,393100
2017-06-19,90.61,90.79,90.02,90.24,281000
2017-06-16,89.77,90.73,89.21,90.71,313500
2017-06-15,89.71,90.24,88.91,89.27,403400
2017-06-14,91.89,91.89,89.63,90.12,313200
2017-06-13,91.44,92.31,91.16,92.15,327100
2017-06-12,91.39,92.35,91.15,91.3,347500
2017-06-09,88.65,91.06,88.65,90.76,465900
2017-06-08,88.33,89.13,88.33,88.45,352100
2017-06-07,90.06,90.46,88.23,88.73,539000
2017-06-06,89.18,90.54,88.94,90.44,265400
2017-06-05,88.78,89.6,88.78,89.32,352000
2017-06-02,89.95,90.0,88.7,89.1,513200
2017-06-01,89.81,90.62,89.33,90.28,249900
2017-05-31,89.5,89.79,89.01,89.55,366500
2017-05-30,90.87,91.06,90.03,90.06,471400
2017-05-26,91.25,91.5,90.82,91.31,352000
2017-05-25,92.92,93.86,90.96,91.32,319300
2017-05-24,93.5,93.82,92.71,93.12,169100
2017-05-23,93.55,93.78,93.18,93.61,152600
2017-05-22,94.1,94.16,93.17,93.44,195700
2017-05-19,92.88,93.95,92.76,93.69,143300
2017-05-18,92.05,92.91,91.67,92.42,255000
2017-05-17,92.91,93.56,92.44,92.52,235200
2017-05-16,94.13,94.17,93.14,93.46,202300
2017-05-15,94.5,94.77,93.63,93.87,220200
2017-05-12,93.77,93.77,92.93,93.18,221600
2017-05-11,94.06,94.22,93.33,93.5,314000
2017-05-10,92.96,94.08,92.87,93.71,340400
2017-05-09,93.35,93.35,92.09,92.35,356800
2017-05-08,92.58,93.37,92.38,93.19,254900
2017-05-05,90.97,92.63,90.89,92.58,1056500
2017-05-04,92.21,92.26,90.23,90.81,964900
2017-05-03,92.54,93.18,92.05,92.82,395600
2017-05-02,93.31,93.55,92.14,92.54,366700
2017-05-01,93.24,93.47,92.79,93.14,216200
2017-04-28,94.15,94.25,93.19,93.33,387500
2017-04-27,93.87,93.87,92.32,93.25,570400
2017-04-26,94.31,95.74,94.29,94.4,269600
2017-04-25,93.99,94.91,93.82,94.74,214600
2017-04-24,93.95,94.18,93.48,93.73,282400
2017-04-21,93.31,93.68,92.72,93.26,293400
2017-04-20,93.58,94.31,93.46,93.62,352300
2017-04-19,95.12,95.19,93.02,93.3,271600
2017-04-18,95.15,95.9,94.55,94.78,202500
2017-04-17,95.5,95.8,95.24,95.67,343000
2017-04-13,97.25,97.25,95.3,95.52,222100
2017-04-12,98.0,98.6,97.16,97.34,109000
2017-04-11,97.92,98.0,96.9,97.96,155300
2017-04-10,97.73,98.35,97.5,98.0,207700
2017-04-07,97.66,97.82,96.98,97.14,132100
2017-04-06,97.07,97.75,96.94,97.51,221300
2017-04-05,97.92,98.84,96.53,96.69,560300
2017-04-04,96.52,97.2,95.75,97.2,145900
2017-04-03,96.66,96.86,95.5,96.46,254600
2017-03-31,96.72,97.16,96.13,96.71,316700
2017-03-30,97.27,97.48,96.36,96.86,252400
2017-03-29,95.24,96.64,94.95,96.54,215700
2017-03-28,93.99,95.42,93.76,95.24,290800
2017-03-27,93.27,94.06,93.18,93.84,312900
2017-03-24,94.67,94.86,94.0,94.15,256300
2017-03-23,95.08,95.86,94.99,95.13,174500
2017-03-22,95.32,95.78,94.87,95.45,256300
2017-03-21,96.71,96.99,95.32,95.57,335800
2017-03-20,96.2,96.57,95.58,96.48,212200
2017-03-17,96.99,97.19,96.52,96.6,137500
2017-03-16,97.4,97.65,96.37,96.63,235900
2017-03-15,95.88,97.45,95.55,97.21,260600
2017-03-14,95.55,95.55,94.16,95.14,700900
2017-03-13,96.1,96.75,95.88,96.33,328800
2017-03-10,97.0,97.02,95.59,96.23,214000
2017-03-09,95.4,96.33,94.67,96.23,589200
2017-03-08,98.06,98.52,95.72,95.79,458500
2017-03-07,99.54,99.58,98.36,98.45,171000
2017-03-06,98.87,99.43,98.6,99.31,232800
2017-03-03,99.66,99.89,98.9,99.09,304400
2017-03-02,99.88,100.44,99.38,99.42,209200
2017-03-01,99.07,100.8,99.07,100.46,332800
2017-02-28,98.46,98.83,98.08,98.37,285900
2017-02-27,97.91,99.07,97.53,98.75,638300
2017-02-24,98.16,98.44,97.31,97.76,354600
2017-02-23,99.45,99.77,98.25,98.87,363600
2017-02-22,99.5,99.96,98.44,98.48,357000
2017-02-21,100.39,100.61,99.96,100.14,616700
2017-02-17,99.53,99.97,99.09,99.4,203400
2017-02-16,101.55,101.98,99.92,100.03,205000
2017-02-15,101.5,102.0,101.1,101.44,193400
2017-02-14,101.55,101.91,100.58,101.85,213200
2017-02-13,101.22,101.54,100.9,101.45,217900
2017-02-10,101.37,101.91,101.08,101.35,180600
2017-02-09,99.5,100.81,99.5,100.58,632600
2017-02-08,99.32,99.73,97.81,99.5,329000
2017-02-07,100.58,100.91,98.95,99.43,289600
2017-02-06,102.09,102.4,100.64,100.97,232200
2017-02-03,101.08,102.35,100.79,101.94,188700
2017-02-02,100.62,101.15,99.75,100.94,233500
2017-02-01,101.67,101.84,99.7,100.33,487300
2017-01-31,101.13,101.31,100.12,101.05,280400
2017-01-30,102.46,102.76,100.36,101.08,309700
2017-01-27,103.48,103.6,102.71,103.02,196300
2017-01-26,104.57,104.65,103.93,104.16,232700
2017-01-25,103.51,104.43,103.45,104.14,245300
2017-01-24,102.76,103.84,102.49,103.41,250500
2017-01-23,102.96,103.09,101.79,102.3,202800
2017-01-20,103.78,104.0,103.12,103.47,127800
2017-01-19,103.48,103.64,102.65,102.92,183900
2017-01-18,103.35,103.94,103.24,103.55,165100
2017-01-17,103.35,104.23,103.35,103.91,244600
2017-01-13,103.21,103.68,103.12,103.25,153300
2017-01-12,104.77,104.77,103.2,103.59,151800
2017-01-11,103.3,104.25,102.97,104.13,390500
2017-01-10,103.93,104.05,102.93,102.95,221800
2017-01-09,104.83,105.0,103.77,103.89,252700
2017-01-06,105.78,106.1,104.83,105.56,198300
2017-01-05,106.23,106.36,104.98,105.59,310100
2017-01-04,106.01,106.17,105.4,105.88,272200
2017-01-03,105.69,106.69,104.69,105.91,602500
2016-12-30,104.75,105.42,104.27,104.68,289700
2016-12-29,105.0,105.27,104.09,104.88,182600
2016-12-28,106.39,106.55,105.05,105.13,200500
2016-12-27,106.01,106.6,106.01,106.22,203900
2016-12-23,105.86,106.14,105.7,105.93,106900
2016-12-22,105.62,106.3,105.5,106.1,179900
2016-12-21,105.86,106.1,105.29,105.67,282900
2016-12-20,106.16,106.41,105.25,105.53,303200
2016-12-19,106.15,106.17,105.41,105.67,249800
2016-12-16,106.39,106.39,105.59,106.11,373800
2016-12-15,104.64,105.78,104.05,105.5,340100
2016-12-14,106.85,107.22,104.83,105.06,423100
2016-12-13,108.0,108.83,106.67,108.16,384500
2016-12-12,109.06,109.08,106.53,106.86,381600
2016-12-09,106.37,106.42,105.72,106.3,215900
2016-12-08,105.43,105.98,104.73,105.92,296400
2016-12-07,104.54,105.33,104.31,105.19,236500
2016-12-06,103.82,104.88,103.29,104.63,170000
2016-12-05,104.7,105.45,104.2,104.62,294500
2016-12-02,103.6,104.19,103.06,103.73,182700
2016-12-01,105.0,105.5,103.41,103.59,505200
2016-11-30,101.47,104.05,101.18,103.25,566800
2016-11-29,96.93,98.19,96.65,97.62,227600
2016-11-28,100.94,100.95,98.83,98.98,223600
2016-11-25,100.64,100.75,99.98,100.53,87100
2016-11-23,100.24,101.29,99.89,101.06,217000
2016-11-22,100.83,101.14,99.38,100.58,307500
2016-11-21,99.63,100.65,99.59,100.61,598500
2016-11-18,98.27,98.67,97.66,98.24,178400
2016-11-17,99.11,99.81,97.48,97.76,206300
2016-11-16,98.83,99.42,98.03,98.31,207100
2016-11-15,97.22,99.08,97.09,99.02,276100
2016-11-14,95.65,96.32,94.83,96.28,184700
2016-11-11,96.91,96.91,94.9,95.76,305900
2016-11-10,97.0,98.1,96.61,97.26,389700
2016-11-09,93.78,97.56,93.78,96.99,399400
2016-11-08,94.48,95.67,94.31,95.09,230300
2016-11-07,94.31,94.93,94.09,94.9,219600
2016-11-04,93.04,93.81,92.27,92.9,212000
2016-11-03,93.19,93.72,92.6,93.37,188200
2016-11-02,93.3,93.53,91.9,93.04,355900
2016-11-01,94.58,95.07,93.08,94.14,234700
2016-10-31,94.99,95.3,93.91,94.07,148200
2016-10-28,95.75,96.9,94.8,95.26,207500
2016-10-27,96.73,96.83,95.9,95.95,136100
2016-10-26,95.23,96.72,95.1,96.28,237700
2016-10-25,96.62,97.8,96.08,96.14,97100
2016-10-24,97.3,97.52,95.8,96.88,141500
2016-10-21,97.12,97.37,96.61,97.23,130200
2016-10-20,97.48,98.18,96.8,97.84,220400
2016-10-19,97.17,98.67,97.17,97.93,174500
2016-10-18,97.15,97.34,96.16,96.54,106400
2016-10-17,96.46,96.99,95.72,96.2,132600
2016-10-14,97.73,98.06,96.59,96.72,159200
2016-10-13,96.99,97.67,95.96,97.23,177400
2016-10-12,97.87,98.16,97.0,97.77,163300
2016-10-11,99.11,99.19,97.75,98.27,158900
2016-10-10,97.76,99.82,97.76,99.43,148300
2016-10-07,98.36,98.75,97.49,97.76,172300
2016-10-06,98.46,98.84,97.49,98.33,145800
2016-10-05,97.56,98.57,97.56,98.13,272300
2016-10-04,97.75,98.0,96.23,96.6,211700
2016-10-03,97.72,97.83,96.79,97.52,281700
2016-09-30,96.9,98.19,96.4,97.69,368900
2016-09-29,96.28,97.4,95.46,96.36,392700
2016-09-28,92.37,96.39,91.84,96.27,456600
2016-09-27,92.0,92.24,91.02,92.07,303300
2016-09-26,93.7,93.93,92.6,92.67,246400
2016-09-23,93.91,94.82,92.58,93.01,228600
2016-09-22,95.14,95.56,94.37,94.49,306000
2016-09-21,92.76,94.17,92.7,94.12,352200
2016-09-20,92.81,93.25,91.98,92.02,660100
2016-09-19,94.33,94.47,93.41,93.44,232700
2016-09-16,93.0,93.8,92.86,93.49,201400
2016-09-15,93.35,94.86,93.35,94.24,174800
2016-09-14,94.09,95.21,92.89,93.17,242000
2016-09-13,96.12,96.12,94.04,94.36,265900
2016-09-12,95.75,97.64,95.48,97.27,189300
2016-09-09,98.42,98.52,96.41,96.41,150000
2016-09-08,98.14,99.54,97.71,99.37,309200
2016-09-07,97.59,97.84,97.08,97.62,152500
2016-09-06,96.08,97.31,96.03,97.25,169500
2016-09-02,95.43,96.08,95.27,95.75,172300
2016-09-01,94.67,94.9,93.96,94.74,202000
2016-08-31,95.98,96.1,94.48,95.06,285900
2016-08-30,97.13,97.51,96.14,96.41,153800
2016-08-29,95.85,96.96,95.85,96.82,100400
2016-08-26,96.57,97.45,95.72,96.2,136800
2016-08-25,96.6,96.85,96.09,96.44,93500
2016-08-24,96.61,97.2,96.4,96.64,197200
2016-08-23,96.47,97.34,96.47,97.06,234700
2016-08-22,96.58,96.83,95.92,96.53,156400
2016-08-19,98.11,98.11,97.28,97.6,228100
2016-08-18,96.86,98.4,96.86,98.4,282000
2016-08-17,96.03,96.58,95.58,96.48,203600
2016-08-16,96.0,96.54,95.41,96.25,218700
2016-08-15,95.8,96.29,95.52,96.01,209000
2016-08-12,94.93,95.48,94.65,95.14,148600
2016-08-11,93.74,95.09,93.44,94.62,182800
2016-08-10,94.63,94.85,93.09,93.29,168600
2016-08-09,95.27,95.29,94.06,94.41,149500
2016-08-08,94.25,95.62,94.0,94.99,387100
2016-08-05,92.87,93.7,92.62,93.66,189500
2016-08-04,92.27,93.39,92.16,92.74,215600
2016-08-03,90.9,92.67,90.49,92.66,336800
2016-08-02,90.83,91.36,89.21,90.82,441500
2016-08-01,92.25,92.32,89.79,90.11,621500
2016-07-29,91.25,93.36,90.89,93.29,505500
2016-07-28,92.52,92.94,91.81,92.37,242600
2016-07-27,93.6,94.46,92.16,92.55,373700
2016-07-26,92.5,93.62,92.39,93.56,334300
2016-07-25,94.31,94.38,92.64,92.99,298700
2016-07-22,95.0,95.12,94.38,94.95,210600
2016-07-21,95.51,96.38,94.52,94.73,168800
2016-07-20,95.34,96.15,94.54,95.7,189400
2016-07-19,96.13,96.34,95.5,95.78,111100
2016-07-18,95.94,96.49,95.42,96.45,214600
2016-07-15,96.97,97.28,96.02,96.36,227000
2016-07-14,96.77,97.0,96.22,96.44,197300
2016-07-13,96.78,97.24,95.14,96.04,1436100
2016-07-12,95.57,97.47,95.52,97.01,399700
2016-07-11,94.83,95.25,94.44,94.45,256700
2016-07-08,94.26,94.68,93.44,94.4,336900
2016-07-07,94.58,95.3,92.45,93.08,486800
2016-07-06,93.22,94.16,92.48,94.11,462100
2016-07-05,94.5,94.76,92.61,93.58,322900
2016-07-01,95.0,96.09,94.92,95.84,164100
2016-06-30,94.25,95.16,93.75,95.12,313400
2016-06-29,93.34,94.95,93.29,94.39,317500
2016-06-28,91.43,92.56,91.24,92.51,293900
2016-06-27,91.87,91.9,89.2,89.9,537300
2016-06-24,92.63,94.28,92.46,92.81,306900
2016-06-23,95.75,96.44,95.42,96.44,127100
2016-06-22,95.65,95.71,94.69,94.76,190700
2016-06-21,94.02,95.55,93.72,95.33,188300
2016-06-20,95.19,95.65,94.77,94.87,265300
2016-06-17,93.62,94.22,93.45,94.02,271400
2016-06-16,92.57,93.04,91.08,92.96,349100
2016-06-15,93.19,94.5,92.75,93.47,200500
2016-06-14,93.24,94.12,92.5,93.68,238700
2016-06-13,93.53,95.02,93.07,93.76,191300
2016-06-10,95.3,95.81,93.95,94.24,282400
2016-06-09,96.11,96.79,95.64,96.5,164400
2016-06-08,97.91,98.27,96.73,97.07,280600
2016-06-07,95.5,97.43,95.5,97.19,254100
2016-06-06,93.56,95.1,93.55,95.06,223300
2016-06-03,93.0,93.94,92.12,92.86,243200
2016-06-02,92.37,93.1,91.95,93.1,204800
2016-06-01,92.2,93.47,91.79,93.31,234400
2016-05-31,93.5,94.49,92.73,93.03,354700
2016-05-27,93.19,93.43,92.4,93.41,171100
2016-05-26,94.45,94.74,93.12,93.36,207900
2016-05-25,92.63,94.0,92.63,93.9,239900
2016-05-24,92.19,92.61,91.5,92.05,195900
2016-05-23,91.38,92.11,90.95,91.72,159500
2016-05-20,91.79,92.08,91.0,91.95,192200
2016-05-19,90.55,91.54,89.46,91.36,199000
2016-05-18,92.51,92.85,90.9,91.43,248300
2016-05-17,92.06,93.38,91.85,92.59,207600
2016-05-16,91.33,92.37,91.33,92.08,229900
2016-05-13,91.33,91.95,90.19,90.4,246800
2016-05-12,92.36,93.1,90.93,91.68,188700
2016-05-11,90.97,92.31,90.08,91.44,264400
2016-05-10,89.83,91.18,89.78,91.17,165100
2016-05-09,90.46,90.46,88.18,89.33,268000
2016-05-06,90.49,92.17,90.25,90.96,163500
2016-05-05,91.94,92.57,90.3,91.07,196500
2016-05-04,91.61,92.61,89.91,90.44,277700
2016-05-03,93.22,93.39,91.27,91.78,251400
2016-05-02,94.54,94.7,93.12,94.39,390400
2016-04-29,95.0,95.99,93.17,94.64,264000
2016-04-28,95.6,96.57,94.4,94.73,235100
2016-04-27,94.93,96.44,94.46,96.19,386000
2016-04-26,93.39,94.3,92.9,94.24,234500
2016-04-25,93.86,93.86,92.09,92.76,252600
2016-04-22,92.62,94.32,92.62,94.0,401200
2016-04-21,93.08,93.51,92.25,92.43,210900
2016-04-20,91.52,93.67,91.29,92.95,287300
2016-04-19,90.71,92.1,90.17,92.03,281600
2016-04-18,86.74,90.21,86.35,90.03,372500
2016-04-15,89.23,89.34,88.3,88.56,212100
2016-04-14,89.86,89.98,89.15,89.71,295600
2016-04-13,89.58,89.96,88.6,89.62,318200
2016-04-12,86.91,89.79,86.62,89.36,356500
2016-04-11,87.18,87.56,86.33,86.34,238000
2016-04-08,86.25,87.01,86.01,86.58,198600
2016-04-07,84.58,85.37,83.85,84.59,203600
2016-04-06,83.93,85.2,83.25,85.15,345900
2016-04-05,83.76,83.79,82.84,83.19,241500
2016-04-04,84.38,85.31,83.58,83.79,318100
2016-04-01,84.37,84.77,83.89,84.46,248500
2016-03-31,85.49,86.5,85.36,85.82,210100
2016-03-30,86.34,86.75,85.17,85.7,268600
2016-03-29,84.07,85.57,83.48,85.43,418900
2016-03-28,85.72,85.72,84.32,85.09,228000
2016-03-24,83.64,85.49,83.26,85.49,244000
2016-03-23,86.79,87.04,84.92,84.96,253100
2016-03-22,86.86,88.0,86.86,87.33,194700
2016-03-21,87.74,88.28,86.72,87.64,209000
2016-03-18,89.59,89.66,87.87,88.68,398200
2016-03-17,88.0,89.38,87.22,88.65,469600
2016-03-16,86.03,87.41,85.64,87.25,291100
2016-03-15,85.36,85.48,83.84,85.46,230900
2016-03-14,86.23,86.25,84.92,85.87,262100
2016-03-11,85.73,87.0,85.5,86.59,258000
2016-03-10,84.32,84.49,82.69,84.33,257800
2016-03-09,84.34,85.6,83.17,84.54,217100
2016-03-08,86.67,86.8,82.79,82.86,444700
2016-03-07,85.06,87.37,84.83,87.26,354800
2016-03-04,84.5,86.4,83.42,84.99,509100
2016-03-03,82.0,83.97,81.86,83.81,356900
2016-03-02,79.4,82.19,79.0,82.14,394000
2016-03-01,78.97,80.05,77.74,79.84,389500
2016-02-29,79.31,79.49,77.97,78.21,495400
2016-02-26,79.72,79.88,78.64,78.91,489700
2016-02-25,77.94,78.42,76.65,78.33,663800
2016-02-24,76.0,78.3,75.73,78.18,856300
2016-02-23,79.5,79.74,77.24,77.43,545500
2016-02-22,79.7,80.45,79.33,80.07,515100
2016-02-19,77.81,78.17,76.68,78.15,434600
2016-02-18,80.03,80.18,78.07,78.53,543600
2016-02-17,78.3,79.69,77.46,79.28,741700
2016-02-16,77.38,77.73,75.77,76.86,5786700
2016-02-12,75.35,76.53,74.57,76.18,469300
2016-02-11,73.13,74.77,72.2,74.27,674100
2016-02-10,74.93,76.43,73.94,74.6,710700
2016-02-09,75.87,76.35,73.75,75.01,541600
2016-02-08,75.36,77.25,74.42,76.84,572600
2016-02-05,77.81,77.96,76.37,77.1,492600
2016-02-04,78.95,80.28,78.37,78.78,568900
2016-02-03,77.32,78.69,74.27,78.64,720500
2016-02-02,76.78,77.85,75.45,75.79,458100
2016-02-01,78.67,79.04,77.29,78.37,494400
2016-01-29,78.11,80.06,77.65,79.98,704300
2016-01-28,78.7,79.02,76.36,77.85,768000
2016-01-27,75.72,77.56,74.52,75.46,670300
2016-01-26,74.3,75.89,73.35,75.89,642900
2016-01-25,75.29,76.9,72.92,72.97,1031100
2016-01-22,76.26,77.2,74.82,76.62,918700
2016-01-21,70.98,74.25,70.62,73.39,1067300
2016-01-20,72.0,72.21,68.64,71.1,1299100
2016-01-19,75.6,75.88,72.07,73.21,891000
2016-01-15,74.26,75.66,73.64,75.07,927400
2016-01-14,74.7,77.94,73.65,77.26,1009000
2016-01-13,76.6,77.26,73.31,74.04,1430300
2016-01-12,76.66,76.88,73.57,75.61,973400
2016-01-11,77.51,77.56,74.5,75.43,856500
2016-01-08,78.83,78.83,76.84,77.18,814600
2016-01-07,78.72,80.4,77.81,78.17,992500
2016-01-06,81.55,81.6,79.57,80.17,770500
2016-01-05,83.02,83.43,82.01,83.41,424200
2016-01-04,82.89,83.75,81.68,83.11,772400
2015-12-31,82.26,83.62,82.12,83.12,1078200
2015-12-30,82.99,84.05,82.72,82.74,1060100
2015-12-29,84.58,85.17,83.55,84.05,862200
2015-12-28,83.95,84.03,83.1,83.47,1160700
2015-12-24,86.13,86.13,84.89,85.19,345500
2015-12-23,83.39,86.0,83.39,85.97,1177000
2015-12-22,82.11,83.34,81.77,82.97,1251100
2015-12-21,82.1,82.57,81.05,81.8,1383500
2015-12-18,83.41,83.41,81.87,81.87,922200
2015-12-17,85.57,85.75,83.35,83.38,691100
2015-12-16,86.24,86.71,84.69,85.64,648100
2015-12-15,84.8,86.6,84.8,86.23,906000
2015-12-14,83.24,84.39,82.19,83.88,930000
2015-12-11,85.6,85.6,83.41,83.49,1030000
2015-12-10,85.81,87.77,85.46,86.57,789500
2015-12-09,85.03,87.8,84.78,85.89,1084900
2015-12-08,84.16,86.04,83.0,84.79,959100
2015-12-07,87.51,87.51,84.66,85.84,1197700
2015-12-04,89.11,89.94,87.71,89.37,889400
2015-12-03,92.37,92.48,89.64,90.09,598700
2015-12-02,94.15,94.57,91.56,91.85,696000
2015-12-01,94.16,94.91,94.08,94.83,1731500
2015-11-30,94.08,95.13,93.88,94.26,464300
2015-11-27,93.83,94.24,93.48,93.81,195000
2015-11-25,94.61,95.41,93.95,94.58,310000
2015-11-24,93.56,95.74,93.48,95.32,547200
2015-11-23,92.23,93.63,91.79,93.11,465500
2015-11-20,93.6,94.04,92.38,92.47,416200
2015-11-19,94.31,94.78,92.82,93.55,530900
2015-11-18,93.8,94.97,93.08,94.85,375400
2015-11-17,94.01,94.53,93.02,93.21,336600
2015-11-16,91.03,94.47,91.0,94.42,473000
2015-11-13,91.5,92.03,90.18,91.31,366800
2015-11-12,92.78,93.26,91.55,91.68,454400
2015-11-11,95.99,96.06,93.75,93.99,365200
2015-11-10,95.5,96.74,95.01,96.01,404500
2015-11-09,96.49,97.56,95.31,95.69,370200
2015-11-06,96.33,97.06,95.35,96.77,372400
2015-11-05,97.73,98.73,96.8,97.19,454400
2015-11-04,99.37,99.46,97.46,98.18,418500
2015-11-03,97.46,99.85,97.1,99.13,755700
2015-11-02,93.94,97.09,93.75,96.66,421500
2015-10-30,94.17,95.45,93.17,94.5,364500
2015-10-29,92.86,94.9,92.86,93.81,384100
2015-10-28,91.81,94.0,91.24,93.39,279400
2015-10-27,91.32,91.5,90.33,91.22,415700
2015-10-26,94.66,94.66,92.41,92.44,323100
2015-10-23,94.63,95.64,93.92,94.83,421500
2015-10-22,93.73,95.16,93.73,95.0,262500
2015-10-21,94.24,94.54,93.16,93.32,233200
2015-10-20,93.99,95.03,93.65,94.59,241500
2015-10-19,95.32,95.49,93.75,94.21,203100
2015-10-16,96.43,96.73,94.98,96.2,938700
2015-10-15,94.1,96.16,93.68,96.16,689400
2015-10-14,93.4,94.86,93.29,94.53,193200
2015-10-13,93.79,95.06,93.33,93.65,327100
2015-10-12,95.91,96.0,93.68,94.56,390900
2015-10-09,97.0,97.0,95.29,95.89,377600
2015-10-08,94.41,96.9,93.85,96.59,451400
2015-10-07,94.69,95.84,92.65,94.64,531200
2015-10-06,91.51,94.07,90.94,93.47,510900
2015-10-05,89.8,91.41,89.48,91.2,416500
2015-10-02,83.97,88.47,83.78,88.47,410100
2015-10-01,85.76,86.81,84.18,84.89,486400
2015-09-30,83.66,85.0,83.44,84.76,710500
2015-09-29,83.5,83.88,82.2,82.83,865700
2015-09-28,85.09,85.64,82.79,82.82,621900
2015-09-25,86.74,86.82,85.3,86.02,284600
2015-09-24,85.0,86.41,84.34,85.86,660100
2015-09-23,87.31,87.4,85.48,85.52,439200
2015-09-22,88.39,89.7,88.21,88.77,292700
2015-09-21,90.09,90.4,89.2,89.74,338800
2015-09-18,90.42,90.65,88.79,89.23,907100
2015-09-17,92.01,93.44,91.17,91.85,798600
2015-09-16,89.99,91.95,89.88,91.88,486700
2015-09-15,88.42,89.54,88.42,89.2,423000
2015-09-14,88.25,88.6,87.68,88.15,341600
2015-09-11,89.05,89.06,87.72,88.95,385800
2015-09-10,89.63,90.25,88.47,89.72,499300
2015-09-09,91.85,92.9,89.17,89.34,571100
2015-09-08,90.96,91.34,89.74,91.23,512800
2015-09-04,90.58,90.58,89.56,89.91,474800
2015-09-03,91.66,93.38,90.93,91.49,574300
2015-09-02,91.24,92.03,89.04,91.15,589200
2015-09-01,90.8,92.96,89.6,90.37,827200
2015-08-31,91.94,94.27,90.32,93.81,1238100
2015-08-28,90.28,93.73,90.28,92.6,966400
2015-08-27,88.92,90.87,87.06,90.77,1836800
2015-08-26,84.23,86.31,83.78,86.2,713800
2015-08-25,87.62,88.1,83.28,83.4,2123500
2015-08-24,84.74,87.91,82.5,84.47,1648600
2015-08-21,91.73,92.36,89.14,89.2,760600
2015-08-20,94.35,94.83,92.3,92.33,677500
2015-08-19,96.77,96.82,94.02,94.51,764100
2015-08-18,97.64,97.75,96.74,97.29,388200
2015-08-17,97.06,98.25,96.68,97.66,399200
2015-08-14,97.9,98.75,97.38,97.57,492600
2015-08-13,98.71,98.97,97.67,97.77,463000
2015-08-12,97.13,99.55,96.71,99.31,497200
2015-08-11,95.51,97.62,94.31,97.59,502200
2015-08-10,94.88,97.58,94.59,97.53,474900
2015-08-07,95.82,96.67,94.07,94.36,483300
2015-08-06,94.16,96.43,93.4,96.25,1035100
2015-08-05,96.11,97.09,94.46,94.54,711200
2015-08-04,95.99,96.94,94.93,95.34,711900
2015-08-03,96.98,97.38,95.51,95.77,903400
2015-07-31,99.71,99.71,97.66,97.82,539800
2015-07-30,100.74,101.04,99.84,100.32,439900
2015-07-29,99.26,101.01,98.84,100.91,2667100
2015-07-28,96.92,99.88,96.62,99.44,683500
2015-07-27,97.02,97.69,96.08,96.49,826000
2015-07-24,100.15,100.15,97.6,97.98,510600
2015-07-23,100.45,101.02,99.28,100.05,586500
2015-07-22,100.64,101.13,100.06,100.2,610200
2015-07-21,101.0,102.0,100.72,101.04,393500
2015-07-20,102.33,102.58,100.78,100.91,687800
2015-07-17,103.49,103.49,101.98,102.32,435900
2015-07-16,104.14,104.45,103.45,103.61,230200
2015-07-15,105.32,105.57,103.35,103.71,301300
2015-07-14,104.47,105.91,104.34,105.69,216900
2015-07-13,104.17,104.86,103.98,104.62,379200
2015-07-10,104.2,104.64,103.47,103.99,274100
2015-07-09,104.12,104.86,103.51,103.55,327400
2015-07-08,104.46,105.14,102.59,103.09,713300
2015-07-07,104.19,105.54,102.5,105.28,478100
2015-07-06,104.32,105.23,103.81,104.17,361100
2015-07-02,105.73,106.36,105.54,105.71,220500
2015-07-01,107.1,107.42,105.0,105.29,777800
2015-06-30,107.25,107.48,106.35,106.95,222600
2015-06-29,107.01,107.6,106.29,106.37,494500
2015-06-26,108.01,108.36,107.44,108.33,264900
2015-06-25,109.3,109.41,108.12,108.13,353700
2015-06-24,109.76,110.36,109.27,109.35,168000
2015-06-23,109.33,110.15,109.3,110.04,175800
2015-06-22,109.4,109.67,108.71,109.58,375100
2015-06-19,108.93,109.4,108.38,108.47,282300
2015-06-18,109.96,110.31,109.42,109.52,539700
2015-06-17,110.53,110.87,109.09,109.58,997600
2015-06-16,109.24,109.85,108.66,109.79,189100
2015-06-15,108.41,109.5,108.13,108.95,250400
2015-06-12,109.8,109.96,109.1,109.28,190800
2015-06-11,111.01,111.44,110.43,110.56,170400
2015-06-10,110.64,111.28,110.64,110.99,196600
2015-06-09,110.24,110.86,109.55,109.55,201000
2015-06-08,109.79,110.32,109.32,109.61,252000
2015-06-05,108.95,111.03,108.77,110.12,265400
2015-06-04,110.21,110.38,109.11,109.29,353200
2015-06-03,111.37,112.01,110.66,110.76,269300
2015-06-02,110.98,112.02,110.55,111.53,221600
2015-06-01,111.26,111.29,110.54,110.74,251800
2015-05-29,111.1,111.61,110.72,111.05,283000
2015-05-28,111.09,111.29,110.33,111.06,293100
2015-05-27,111.69,112.49,110.86,111.51,289500
2015-05-26,112.56,112.8,111.24,111.64,423200
2015-05-22,114.84,114.84,113.0,113.49,187700
2015-05-21,113.48,114.17,113.08,113.97,216600
2015-05-20,113.11,113.24,112.19,112.89,264300
2015-05-19,113.56,113.56,112.48,112.64,338000
2015-05-18,114.06,114.32,113.45,114.2,249400
2015-05-15,113.21,114.52,112.88,114.16,214600
2015-05-14,114.33,114.88,113.58,113.74,300600
2015-05-13,115.03,115.23,113.48,113.85,240600
2015-05-12,113.63,114.79,113.34,114.25,269500
2015-05-11,115.9,115.95,113.52,113.63,316000
2015-05-08,114.76,115.83,113.48,115.7,186000
2015-05-07,115.02,115.02,113.08,113.9,307000
2015-05-06,116.79,117.08,114.64,115.21,295000
2015-05-05,117.99,118.46,115.55,115.64,249300
2015-05-04,117.64,117.93,116.43,116.89,632000
2015-05-01,117.21,117.4,116.3,117.25,259600
2015-04-30,117.76,117.88,116.28,116.99,304300
2015-04-29,116.1,117.41,115.47,117.3,337500
2015-04-28,115.72,116.36,115.25,116.22,257300
2015-04-27,116.26,116.6,115.45,115.59,421200
2015-04-24,116.18,116.18,115.21,115.68,280300
2015-04-23,116.02,117.28,115.99,116.53,264200
2015-04-22,115.32,116.07,114.42,115.64,221400
2015-04-21,116.46,116.71,114.5,114.9,263600
2015-04-20,116.07,117.43,116.03,116.25,213400
2015-04-17,116.48,116.48,114.85,115.73,307100
2015-04-16,116.89,117.85,115.87,116.77,318700
2015-04-15,115.21,117.39,114.92,117.16,359000
2015-04-14,112.93,114.75,112.93,114.42,237400
2015-04-13,113.66,113.95,112.22,112.37,337800
2015-04-10,113.01,113.48,112.68,113.27,199400
2015-04-09,111.36,112.96,111.36,112.75,290500
2015-04-08,112.55,112.93,111.0,111.07,346000
2015-04-07,111.71,112.88,111.56,112.18,246900
2015-04-06,110.39,112.54,110.01,111.96,319400
2015-04-02,109.14,110.5,108.9,109.84,295100
2015-04-01,109.81,110.5,109.32,109.54,226500
2015-03-31,109.32,110.06,108.62,109.28,443600
2015-03-30,108.94,110.38,108.94,110.18,2342800
2015-03-27,108.46,108.57,107.57,107.93,323800
2015-03-26,109.93,110.44,108.44,108.86,322100
2015-03-25,108.18,109.68,108.09,108.91,317500
2015-03-24,108.59,108.59,107.55,107.6,243800
2015-03-23,108.75,109.58,108.27,108.31,246900
2015-03-20,108.07,109.22,107.91,108.48,314900
2015-03-19,107.62,108.05,106.9,107.19,214800
2015-03-18,105.29,109.52,105.07,108.94,398000
2015-03-17,105.94,106.31,105.22,105.87,413300
2015-03-16,104.68,106.43,104.2,106.38,510600
2015-03-13,105.0,105.3,104.0,105.23,544700
2015-03-12,106.54,106.93,105.66,105.75,331500
2015-03-11,106.2,106.72,105.51,106.28,415800
2015-03-10,106.92,107.19,105.92,105.98,514600
2015-03-09,108.27,109.31,107.48,107.53,317000
2015-03-06,109.49,109.88,107.97,108.28,500200
2015-03-05,110.6,110.62,109.94,110.11,250300
2015-03-04,111.09,111.31,109.55,110.64,270700
2015-03-03,110.8,111.56,110.07,110.93,360300
2015-03-02,111.55,111.55,109.54,110.52,442800
2015-02-27,112.16,112.25,111.29,111.41,769800
2015-02-26,113.29,113.29,111.14,111.75,427400
2015-02-25,113.23,113.91,112.63,113.74,314600
2015-02-24,113.47,113.86,112.48,113.01,327300
2015-02-23,112.44,113.68,111.92,112.87,419300
2015-02-20,113.78,114.17,112.49,113.41,436500
2015-02-19,112.19,114.58,111.64,113.86,496700
2015-02-18,115.31,115.64,114.35,114.6,446100
2015-02-17,115.58,116.3,114.5,116.15,524100
2015-02-13,114.55,115.86,114.33,115.76,585700
2015-02-12,113.25,113.95,112.68,113.44,619900
2015-02-11,111.22,112.2,110.44,111.83,737500
2015-02-10,113.28,113.28,110.68,112.49,617700
2015-02-09,113.04,114.21,112.6,112.9,634900
2015-02-06,113.5,113.74,112.2,112.7,552800
2015-02-05,111.97,113.23,111.57,112.72,557800
2015-02-04,111.58,111.83,109.94,110.87,880700
2015-02-03,110.94,113.31,110.74,112.79,993300
2015-02-02,107.43,109.58,106.86,109.52,936800
2015-01-30,104.7,107.52,103.89,106.2,933000
2015-01-29,105.75,106.06,103.05,105.41,588600
2015-01-28,109.33,109.33,104.94,105.23,707800
2015-01-27,108.67,110.0,108.41,109.48,569100
2015-01-26,108.5,109.76,107.43,109.54,543200
2015-01-23,108.44,109.5,107.88,107.96,493800
2015-01-22,109.26,109.28,107.01,108.87,562600
2015-01-21,106.84,108.46,106.62,108.33,660500
2015-01-20,105.77,106.37,104.43,106.29,660700
2015-01-16,103.4,106.38,103.4,106.29,577500
2015-01-15,105.49,105.82,102.87,102.93,854900
2015-01-14,103.15,104.55,101.33,104.4,922500
2015-01-13,105.27,106.0,103.0,104.03,681900
2015-01-12,106.65,106.65,104.19,104.89,767100
2015-01-09,108.75,108.95,106.86,107.91,683100
2015-01-08,107.4,108.8,106.78,108.67,761900
2015-01-07,107.46,107.78,105.59,106.37,710700
2015-01-06,107.73,108.31,105.31,106.11,957800
2015-01-05,110.78,111.27,107.1,107.73,1016500
2015-01-02,111.0,112.56,110.53,112.18,1694200
